source,source_area,url,title,property_type,listing_type,location,price,price_per_sqm,area_sqm,bedrooms,bathrooms,payment_method,down_payment,delivery_status,availability
Property Finder,Unknown,https://www.propertyfinder.eg/en/plp/buy/apartment-for-sale-cairo-nasr-city-102070791.html,3 Bed Apartment In Nasr City By Lowest Price Now,Apartment,,Furnished 3 bedroom Apartments for sale in Nasr City | Apartments for sale in New Cairo City | 3 bedroom Apartments for sale in New Cairo City | 2 bedroom Apartments for sale in New Cairo City | Apartments for sale in New Capital City,4300000.0,21500,200,3,3,Cash,,,
Property Finder,Unknown,https://www.propertyfinder.eg/en/plp/buy/apartment-for-sale-cairo-nasr-city-10th-district-al-daght-al-aali-st-111023782.html,3BR Apartment 140m | 9 Buildings Project Nasr City,Apartment,,Apartments for sale in Cairo | Nasr City,3800000.0,27142,140,3,2,Cash,,Ready to Move,
Property Finder,Unknown,https://www.propertyfinder.eg/en/plp/buy/apartment-for-sale-cairo-nasr-city-10th-district-al-mosheer-tantawy-axis-113817378.html,"Apartment for Sale in Al Waha, Nasr City",Apartment,,Apartments for sale in Cairo | Nasr City,2700000.0,21951,123,3,2,Cash,,,
Property Finder,Unknown,https://www.propertyfinder.eg/en/plp/buy/apartment-for-sale-cairo-nasr-city-10th-district-al-mosheer-tantawy-axis-113817601.html,"Apartment for Sale inAl Waha, Nasr City",Apartment,,Apartments for sale in Cairo | Nasr City,2700000.0,21951,123,3,2,Cash,,,
Property Finder,Unknown,https://www.propertyfinder.eg/en/plp/buy/apartment-for-sale-cairo-nasr-city-10th-district-al-waha-city-street-1-109359442.html,شقه للبيع الترا سوبر لوكس مميزه جدااااا,Apartment,,Apartments for sale in Cairo | Nasr City,7300000.0,37435,195,3,2,Cash,,,
Property Finder,Unknown,https://www.propertyfinder.eg/en/plp/buy/apartment-for-sale-cairo-nasr-city-10th-district-al-waha-city-street-14-111583009.html,"Apartment for Sale in Al Waha district, Nasr City",Apartment,,Apartments for sale in Cairo | Nasr City,4100000.0,28275,145,2,2,Cash,,,
Property Finder,Unknown,https://www.propertyfinder.eg/en/plp/buy/apartment-for-sale-cairo-nasr-city-10th-district-al-waha-city-street-5-109074304.html,Best price for a 4-bedroom apartment for sale,Apartment,,Apartments for sale in Cairo | Nasr City,5250000.0,23437,224,4,2,Cash,,,
Property Finder,Unknown,https://www.propertyfinder.eg/en/plp/buy/apartment-for-sale-cairo-nasr-city-10th-zone-ahmed-hassan-st-112710397.html,شقة للبيع في المنطقة التاسعة بتطل على نادي,Apartment,,Apartments for sale in Cairo | Nasr City,4500000.0,22277,202,3,2,Cash,,,
Property Finder,Unknown,https://www.propertyfinder.eg/en/plp/buy/apartment-for-sale-cairo-nasr-city-10th-zone-ahmed-hassan-st-112710407.html,فرصة قوية لامتلاك شقة مساحة كبيرة وتشطيب فاخر,Apartment,,Apartments for sale in Cairo | Nasr City,4500000.0,23684,190,3,1,Cash,,,
Property Finder,Unknown,https://www.propertyfinder.eg/en/plp/buy/apartment-for-sale-cairo-nasr-city-10th-zone-ahmed-hassan-st-112979139.html,شقة للبيع في المنطقة التاسعة,Apartment,,Apartments for sale in Cairo | Nasr City,4750000.0,27941,170,3,2,Cash,,,
Property Finder,Unknown,https://www.propertyfinder.eg/en/plp/buy/apartment-for-sale-cairo-nasr-city-10th-zone-dr-ismail-wahbi-st-108784964.html,شقة فاخرة 200 م /مباني 2017 للبيع فيو مفتوح,Apartment,,Apartments for sale in Cairo | Nasr City,4500000.0,22500,200,3,2,Cash,,,
Property Finder,Unknown,https://www.propertyfinder.eg/en/plp/buy/apartment-for-sale-cairo-nasr-city-10th-zone-dr-ismail-wahbi-st-111318045.html,شقة للبيع 140م بتشطيبات سوبر ديلوكس – المنطقة التا,Apartment,,Apartments for sale in Cairo | Nasr City,4400000.0,31428,140,3,1,Cash,,,
Property Finder,Unknown,https://www.propertyfinder.eg/en/plp/buy/apartment-for-sale-cairo-nasr-city-10th-zone-dr-ismail-wahbi-st-112977946.html,شقة للبيع في المنطقة التاسعة,Apartment,,Apartments for sale in Cairo | Nasr City,5000000.0,20000,250,3,2,Cash,,,
Property Finder,Unknown,https://www.propertyfinder.eg/en/plp/buy/apartment-for-sale-cairo-nasr-city-10th-zone-hossam-al-deen-bassiouny-st-112710393.html,شقة للبيع في المنطقة التاسعة مدينة نصر,Apartment,,Apartments for sale in Cairo | Nasr City,5850000.0,29250,200,3,2,Cash,,,
Property Finder,Unknown,https://www.propertyfinder.eg/en/plp/buy/apartment-for-sale-cairo-nasr-city-10th-zone-hossam-al-deen-bassiouny-st-112980117.html,Hotel furniture- very special price OPEN VIEW,Apartment,,Apartments for sale in Cairo | Nasr City,7900000.0,35909,220,3,2,Installments,,,
Property Finder,Unknown,https://www.propertyfinder.eg/en/plp/buy/apartment-for-sale-cairo-nasr-city-111310315.html,Apartment for sale in Nasr City – prime location o,Apartment,,Furnished 3 bedroom Apartments for sale in Nasr City | Apartments for sale in New Cairo City | 3 bedroom Apartments for sale in New Cairo City | 2 bedroom Apartments for sale in New Cairo City | Apartments for sale in New Capital City,6800000.0,28333,240,3,3,Cash,,,
Property Finder,Unknown,https://www.propertyfinder.eg/en/plp/buy/apartment-for-sale-cairo-nasr-city-111892494.html,"Apartment for sale at Ivory, with a down payment o",Apartment,First Sale,Furnished 3 bedroom Apartments for sale in Nasr City | Apartments for sale in New Cairo City | 3 bedroom Apartments for sale in New Cairo City | 2 bedroom Apartments for sale in New Cairo City | Apartments for sale in New Capital City,2400000.0,15000,160,3,2,Cash,,Offplan,
Property Finder,Unknown,https://www.propertyfinder.eg/en/plp/buy/apartment-for-sale-cairo-nasr-city-112975201.html,Distinctive Apartment for Sale in Nasr City,Apartment,,Furnished 3 bedroom Apartments for sale in Nasr City | Apartments for sale in New Cairo City | 3 bedroom Apartments for sale in New Cairo City | 2 bedroom Apartments for sale in New Cairo City | Apartments for sale in New Capital City,4700000.0,24736,190,3,1,Cash,,ready,
Property Finder,Unknown,https://www.propertyfinder.eg/en/plp/buy/apartment-for-sale-cairo-nasr-city-112975426.html,Apartment for Sale in Nasr City – 7th District,Apartment,,Furnished 3 bedroom Apartments for sale in Nasr City | Apartments for sale in New Cairo City | 3 bedroom Apartments for sale in New Cairo City | 2 bedroom Apartments for sale in New Cairo City | Apartments for sale in New Capital City,5500000.0,30555,180,3,2,Cash,,,
Property Finder,Unknown,https://www.propertyfinder.eg/en/plp/buy/apartment-for-sale-cairo-nasr-city-114088353.html,"For sale in Nasr City, prime location, 250 sq m",Apartment,,Apartments for sale in Cairo | Nasr City,9000000.0,36000,250,3,2,Cash,,,
Property Finder,Unknown,https://www.propertyfinder.eg/en/plp/buy/apartment-for-sale-cairo-nasr-city-1st-zone-abbas-al-akkad-st-109348890.html,Apartments for sale in Nasr City,Apartment,,Apartments for sale in Cairo | Nasr City,5250000.0,20192,260,3,2,Cash,,,
Property Finder,Unknown,https://www.propertyfinder.eg/en/plp/buy/apartment-for-sale-cairo-nasr-city-1st-zone-abbas-al-akkad-st-109359771.html,شقه للبيع سوبر لوكس مميزه جدااااا في شارع عباس,Apartment,,Apartments for sale in Cairo | Nasr City,14500000.0,58000,250,3,3,Cash,,,
Property Finder,Unknown,https://www.propertyfinder.eg/en/plp/buy/apartment-for-sale-cairo-nasr-city-1st-zone-abbas-al-akkad-st-109915201.html,200 sqm Apartment for Sale (Administrative or Resi,Apartment,,Apartments for sale in Cairo | Nasr City,8000000.0,40000,200,3,2,Cash,,,
Property Finder,Unknown,https://www.propertyfinder.eg/en/plp/buy/apartment-for-sale-cairo-nasr-city-1st-zone-abbas-al-akkad-st-109917563.html,Prime location apt for sale in Abbas al akkad st,Apartment,,Apartments for sale in Cairo | Nasr City,8250000.0,50000,165,3,2,Cash,,,
Property Finder,Unknown,https://www.propertyfinder.eg/en/plp/buy/apartment-for-sale-cairo-nasr-city-1st-zone-abbas-al-akkad-st-110461475.html,An apartment overlooking the International Garden,Apartment,,Apartments for sale in Cairo | Nasr City,7650000.0,41351,185,3,2,Cash,,ready,
Property Finder,Unknown,https://www.propertyfinder.eg/en/plp/buy/apartment-for-sale-cairo-nasr-city-1st-zone-abbas-al-akkad-st-110461756.html,This apartment combines a premium location,Apartment,,Apartments for sale in Cairo | Nasr City,9500000.0,43181,220,3,3,Cash,,ready,
Property Finder,Unknown,https://www.propertyfinder.eg/en/plp/buy/apartment-for-sale-cairo-nasr-city-1st-zone-abbas-al-akkad-st-110462287.html,Apartment for sale in a side street off Abbas,Apartment,,Apartments for sale in Cairo | Nasr City,13000000.0,29545,440,6,4,Cash,,,
Property Finder,Unknown,https://www.propertyfinder.eg/en/plp/buy/apartment-for-sale-cairo-nasr-city-1st-zone-abbas-al-akkad-st-110462297.html,Apartment for Sale in Nasr City With distinctiv,Apartment,,Apartments for sale in Cairo | Nasr City,7000000.0,31818,220,3,2,Cash,,,
Property Finder,Unknown,https://www.propertyfinder.eg/en/plp/buy/apartment-for-sale-cairo-nasr-city-1st-zone-abbas-al-akkad-st-111018569.html,180 sqm Apartment for Sale in a New Building Near,Apartment,,Apartments for sale in Cairo | Nasr City,5500000.0,30555,180,3,2,Cash,,,
Property Finder,Unknown,https://www.propertyfinder.eg/en/plp/buy/apartment-for-sale-cairo-nasr-city-1st-zone-abbas-al-akkad-st-111018571.html,Apartment for Sale Furnished or Unfurnished in 6th,Apartment,,Apartments for sale in Cairo | Nasr City,5800000.0,38666,150,2,2,Cash,,,
Property Finder,Unknown,https://www.propertyfinder.eg/en/plp/buy/apartment-for-sale-cairo-nasr-city-1st-zone-abbas-al-akkad-st-111030870.html,Distinguished Apartment for Sale – 225 sqm (net ar,Apartment,,Apartments for sale in Cairo | Nasr City,7600000.0,33777,225,3,3,Cash,,,
Property Finder,Unknown,https://www.propertyfinder.eg/en/plp/buy/apartment-for-sale-cairo-nasr-city-1st-zone-abbas-al-akkad-st-111030994.html,Lux Apartment for Sale in Abbas El Akkad,Apartment,,Apartments for sale in Cairo | Nasr City,8500000.0,26562,320,4,3,Cash,,,
Property Finder,Unknown,https://www.propertyfinder.eg/en/plp/buy/apartment-for-sale-cairo-nasr-city-1st-zone-abbas-al-akkad-st-112425218.html,200 sqm Finished Apartment | Abbas El Akkad,Apartment,,Apartments for sale in Cairo | Nasr City,5950000.0,29750,200,3,2,Cash,,Ready to Move,
Property Finder,Unknown,https://www.propertyfinder.eg/en/plp/buy/apartment-for-sale-cairo-nasr-city-1st-zone-abbas-al-akkad-st-113265318.html,Apartment for Sale in Nasr City – Abbas El Akkad,Apartment,,Apartments for sale in Cairo | Nasr City,6500000.0,32500,200,1,1,Cash,,,
Property Finder,Unknown,https://www.propertyfinder.eg/en/plp/buy/apartment-for-sale-cairo-nasr-city-1st-zone-abbas-al-akkad-st-99099723.html,شقة للبيع في مدينة نصر | موقع مميز,Apartment,,Apartments for sale in Cairo | Nasr City,8500000.0,38636,220,3,1,Cash,,,
Property Finder,Unknown,https://www.propertyfinder.eg/en/plp/buy/apartment-for-sale-cairo-nasr-city-1st-zone-al-falouga-st-110462457.html,220 sqm officially registered apartment with a nor,Apartment,,Apartments for sale in Cairo | Nasr City,6500000.0,29545,220,3,2,Cash,,,
Property Finder,Unknown,https://www.propertyfinder.eg/en/plp/buy/apartment-for-sale-cairo-nasr-city-1st-zone-al-nasr-road-109925761.html,"Semi-finished apartment for sale in Green Hills, A",Apartment,,Apartments for sale in Cairo | Nasr City,3700000.0,28030,132,3,2,Cash,,,
Property Finder,Unknown,https://www.propertyfinder.eg/en/plp/buy/apartment-for-sale-cairo-nasr-city-1st-zone-al-senaa-st-111315582.html,50m Studio for Sale in Nasr City Near Maxim Hotel,Apartment,,Apartments for sale in Cairo | Nasr City,2000000.0,40000,50,,1,Cash,,Ready To Move,
Property Finder,Unknown,https://www.propertyfinder.eg/en/plp/buy/apartment-for-sale-cairo-nasr-city-1st-zone-anwar-al-mufti-st-109065502.html,فرصة لن تتكرر 300م مباني 2010 بالفرش والاجهزة,Apartment,,Apartments for sale in Cairo | Nasr City,10000000.0,33333,300,3,3,Cash,,,
Property Finder,Unknown,https://www.propertyfinder.eg/en/plp/buy/apartment-for-sale-cairo-nasr-city-1st-zone-dr-al-batrawy-st-109073235.html,"150M Apartment for Sale in 1st District, Nasr",Apartment,,Apartments for sale in Cairo | Nasr City,4500000.0,30000,150,3,1,Cash,,,
Property Finder,Unknown,https://www.propertyfinder.eg/en/plp/buy/apartment-for-sale-cairo-nasr-city-1st-zone-emad-al-din-kamel-st-113525532.html,3BR Apartment 220m | First District | Nasr City,Apartment,,Apartments for sale in Cairo | Nasr City,6000000.0,27272,220,3,2,Cash,,,
Property Finder,Unknown,https://www.propertyfinder.eg/en/plp/buy/apartment-for-sale-cairo-nasr-city-1st-zone-mohamed-youssef-moussa-st-110461882.html,A palace-like apartment in Nasr City,Apartment,,Apartments for sale in Cairo | Nasr City,12000000.0,42857,280,3,3,Cash,,ready,
Property Finder,Unknown,https://www.propertyfinder.eg/en/plp/buy/apartment-for-sale-cairo-nasr-city-1st-zone-omar-zaafan-st-114083715.html,شقة س لوكس مسجلة للبيع مدينة نصر بين الطيران وعباس,Apartment,,Apartments for sale in Cairo | Nasr City,6500000.0,30232,215,3,3,Cash,,,
Property Finder,Unknown,https://www.propertyfinder.eg/en/plp/buy/apartment-for-sale-cairo-nasr-city-1st-zone-tahseen-farghaly-st-113246558.html,Big apartment Open View | Ultra Super Lux,Apartment,,Apartments for sale in Cairo | Nasr City,8000000.0,36363,220,3,2,Cash,,ready,
Property Finder,Unknown,https://www.propertyfinder.eg/en/plp/buy/apartment-for-sale-cairo-nasr-city-1st-zone-zuhair-sabry-st-109080743.html,شقة لقطة مسجلة للبيع في مدينة نصر المنطقة الاولي,Apartment,,Apartments for sale in Cairo | Nasr City,5000000.0,22727,220,3,2,Cash,,,
Property Finder,Unknown,https://www.propertyfinder.eg/en/plp/buy/apartment-for-sale-cairo-nasr-city-6th-district-al-wafaa-we-al-amal-109641221.html,Prime Apartment for Sale in Zahraa Nasr City,Apartment,,Apartments for sale in Cairo | Nasr City,1600000.0,10000,160,3,2,Cash,,,
Property Finder,Unknown,https://www.propertyfinder.eg/en/plp/buy/apartment-for-sale-cairo-nasr-city-6th-zone-abd-al-azim-al-gholami-st-109919310.html,شقة للبيع في المنطقة السادسة مدينة نصر المربع الذه,Apartment,,Apartments for sale in Cairo | Nasr City,7500000.0,24193,310,3,2,Cash,,,
Property Finder,Unknown,https://www.propertyfinder.eg/en/plp/buy/apartment-for-sale-cairo-nasr-city-6th-zone-abdou-al-shafei-st-111303041.html,Best Price Apartment Prime Location in Nasr City,Apartment,,Apartments for sale in Cairo | Nasr City,5000000.0,33333,150,2,2,Cash,,,
Property Finder,Unknown,https://www.propertyfinder.eg/en/plp/buy/apartment-for-sale-cairo-nasr-city-6th-zone-abou-dawoud-al-zahery-st-112969488.html,Best value apartment for sale in Nasr City,Apartment,,Apartments for sale in Cairo | Nasr City,4950000.0,19800,250,4,4,Cash,,,
Property Finder,Unknown,https://www.propertyfinder.eg/en/plp/buy/apartment-for-sale-cairo-nasr-city-6th-zone-abou-dawoud-al-zahery-st-113536879.html,2 BR Finished Apartment in Nasr City for sale,Apartment,,Apartments for sale in Cairo | Nasr City,3800000.0,34545,110,2,1,Cash,,,
Property Finder,Unknown,https://www.propertyfinder.eg/en/plp/buy/apartment-for-sale-cairo-nasr-city-6th-zone-ahmed-fakhry-st-109074617.html,200 sqm Apartment for Sale in Prime Nasr City Area,Apartment,,Apartments for sale in Cairo | Nasr City,6500000.0,32500,200,3,3,Cash,,Ready to move,
Property Finder,Unknown,https://www.propertyfinder.eg/en/plp/buy/apartment-for-sale-cairo-nasr-city-6th-zone-ahmed-fakhry-st-111037249.html,200 sqm Hotel-Finished Apartment for Sale in Ahmed,Apartment,,Apartments for sale in Cairo | Nasr City,5000000.0,25000,200,3,2,Cash,,,
Property Finder,Unknown,https://www.propertyfinder.eg/en/plp/buy/apartment-for-sale-cairo-nasr-city-6th-zone-ahmed-fakhry-st-111316677.html,شقة للبيع 220م فيو مباشر على حديقة الورد – المنطقة,Apartment,,Apartments for sale in Cairo | Nasr City,7250000.0,32954,220,4,2,Cash,,,
Property Finder,Unknown,https://www.propertyfinder.eg/en/plp/buy/apartment-for-sale-cairo-nasr-city-6th-zone-ahmed-fakhry-st-111877390.html,Apartment for Sale in Nasr City Ahmed Fakhry St,Apartment,,Apartments for sale in Cairo | Nasr City,9250000.0,27205,340,4,3,Cash,,,
Property Finder,Unknown,https://www.propertyfinder.eg/en/plp/buy/apartment-for-sale-cairo-nasr-city-6th-zone-ahmed-fakhry-st-112428237.html,Apartment for Sale – 160 sqm – Nasr City,Apartment,,Apartments for sale in Cairo | Nasr City,4600000.0,28750,160,4,1,Cash,,,
Property Finder,Unknown,https://www.propertyfinder.eg/en/plp/buy/apartment-for-sale-cairo-nasr-city-6th-zone-ahmed-fakhry-st-113257525.html,شقة للبيع بموقع مميز جدًا بمدينة نصر – بالقرب من س,Apartment,,Apartments for sale in Cairo | Nasr City,4650000.0,31000,150,3,2,Cash,,,
Property Finder,Unknown,https://www.propertyfinder.eg/en/plp/buy/apartment-for-sale-cairo-nasr-city-6th-zone-al-farik-mohamed-ibrahim-st-110463233.html,Apartment for Sale in Nasr City,Apartment,,Apartments for sale in Cairo | Nasr City,7500000.0,37500,200,3,3,Cash,,,
Property Finder,Unknown,https://www.propertyfinder.eg/en/plp/buy/apartment-for-sale-cairo-nasr-city-6th-zone-al-nasr-road-110462889.html,Luxury Apartment for Sale in Nasr City,Apartment,,Apartments for sale in Cairo | Nasr City,15000000.0,49504,303,4,3,Cash,,ready,
Property Finder,Unknown,https://www.propertyfinder.eg/en/plp/buy/apartment-for-sale-cairo-nasr-city-6th-zone-al-nasr-road-113261169.html,Furn Studio with Appliances & ACs in Nasr City,Apartment,,Apartments for sale in Cairo | Nasr City,3960000.0,58235,68,1,1,Installments,,ready,
Property Finder,Unknown,https://www.propertyfinder.eg/en/plp/buy/apartment-for-sale-cairo-nasr-city-6th-zone-al-nasr-road-113536419.html,Apartment for Sale in Al Waha – Nasr City,Apartment,,Apartments for sale in Cairo | Nasr City,3200000.0,20645,155,3,2,Cash,,,
Property Finder,Unknown,https://www.propertyfinder.eg/en/plp/buy/apartment-for-sale-cairo-nasr-city-6th-zone-al-sheikh-ahmed-elsawy-st-111034197.html,"3 BR Apartment in Nasr City, 200 Sqm",Apartment,,Apartments for sale in Cairo | Nasr City,4000000.0,20000,200,3,1,Cash,,ready,
Property Finder,Unknown,https://www.propertyfinder.eg/en/plp/buy/apartment-for-sale-cairo-nasr-city-6th-zone-ezzat-salama-st-110756608.html,Apartment for Sale in Nasr City – Golden Square –,Apartment,,Apartments for sale in Cairo | Nasr City,5500000.0,25000,220,3,3,Cash,,,
Property Finder,Unknown,https://www.propertyfinder.eg/en/plp/buy/apartment-for-sale-cairo-nasr-city-6th-zone-hafez-ramadan-st-109927668.html,86m furnished studio best price zero interest,Apartment,First Sale,Apartments for sale in Cairo | Nasr City,4972500.0,57819,86,,1,Cash,,Ready to move,
Property Finder,Unknown,https://www.propertyfinder.eg/en/plp/buy/apartment-for-sale-cairo-nasr-city-6th-zone-hassan-ma-moon-st-109637140.html,شقة للبيع 235م – عمارات التوفيقية – مدينة نصر,Apartment,,Apartments for sale in Cairo | Nasr City,6100000.0,25957,235,3,2,Cash,,,
Property Finder,Unknown,https://www.propertyfinder.eg/en/plp/buy/apartment-for-sale-cairo-nasr-city-6th-zone-ibn-al-nafis-st-108794803.html,Apartment for Sale in Nasr City – Near El Tefl GRD,Apartment,,Apartments for sale in Cairo | Nasr City,7000000.0,25000,280,3,4,Cash,,,
Property Finder,Unknown,https://www.propertyfinder.eg/en/plp/buy/apartment-for-sale-cairo-nasr-city-6th-zone-ibn-al-nafis-st-111585905.html,دوبلكس مفروش للتمليك بالمنطقة السادسة في مدينة نصر,Apartment,,Apartments for sale in Cairo | Nasr City,12000000.0,18181,660,5,4,Cash,,,
Property Finder,Unknown,https://www.propertyfinder.eg/en/plp/buy/apartment-for-sale-cairo-nasr-city-6th-zone-ibrahim-nawar-st-109073923.html,"Refined, super deluxe finished apartment for sale",Apartment,,Apartments for sale in Cairo | Nasr City,5500000.0,27500,200,3,2,Cash,,,
Property Finder,Unknown,https://www.propertyfinder.eg/en/plp/buy/apartment-for-sale-cairo-nasr-city-6th-zone-ibrahim-nawar-st-109079007.html,"Refined, super deluxe finished apartment for sale",Apartment,,Apartments for sale in Cairo | Nasr City,5500000.0,27500,200,3,2,Cash,,,
Property Finder,Unknown,https://www.propertyfinder.eg/en/plp/buy/apartment-for-sale-cairo-nasr-city-6th-zone-mahmoud-awad-st-110464158.html,Luxury Apartment for Sale in the Heart of Nasr Cit,Apartment,,Apartments for sale in Cairo | Nasr City,10000000.0,40000,250,3,3,Cash,,ready,
Property Finder,Unknown,https://www.propertyfinder.eg/en/plp/buy/apartment-for-sale-cairo-nasr-city-6th-zone-mahmoud-ghoneim-st-110461454.html,"Apartment for Sale 220 sqm.... bedrooms,bathrooms",Apartment,,Apartments for sale in Cairo | Nasr City,8500000.0,38636,220,3,3,Cash,,,
Property Finder,Unknown,https://www.propertyfinder.eg/en/plp/buy/apartment-for-sale-cairo-nasr-city-6th-zone-mahmoud-ghoneim-st-110462224.html,"Apartment for Sale 300 sqm ,3bathroom,4bedrooms",Apartment,,Apartments for sale in Cairo | Nasr City,9000000.0,30000,300,4,3,Cash,,,
Property Finder,Unknown,https://www.propertyfinder.eg/en/plp/buy/apartment-for-sale-cairo-nasr-city-6th-zone-mahmoud-ghoneim-st-110462252.html,"Apartment for Sale 220 sqm.... bedrooms,bathrooms",Apartment,,Apartments for sale in Cairo | Nasr City,8500000.0,38636,220,3,3,Cash,,,
Property Finder,Unknown,https://www.propertyfinder.eg/en/plp/buy/apartment-for-sale-cairo-nasr-city-6th-zone-mahmoud-ghoneim-st-113831177.html,"Prime 250sqm Apartment with Garden View, Nasr",Apartment,,Apartments for sale in Cairo | Nasr City,6500000.0,26000,250,4,2,Cash,,,
Property Finder,Unknown,https://www.propertyfinder.eg/en/plp/buy/apartment-for-sale-cairo-nasr-city-6th-zone-makram-ebeid-st-108791151.html,Apartment Facing Autostrad Road and Makram Ebeid,Apartment,,Apartments for sale in Cairo | Nasr City,5500000.0,40441,136,3,2,Cash,,,
Property Finder,Unknown,https://www.propertyfinder.eg/en/plp/buy/apartment-for-sale-cairo-nasr-city-6th-zone-makram-ebeid-st-109069218.html,"200 SQM Apartment for Sale in 8th District, Nasr",Apartment,,Apartments for sale in Cairo | Nasr City,6500000.0,32500,200,3,2,Cash,,,
Property Finder,Unknown,https://www.propertyfinder.eg/en/plp/buy/apartment-for-sale-cairo-nasr-city-6th-zone-makram-ebeid-st-109360125.html,شقة فاخرة 280م للبيع بين عباس العقاد ومكرم عبيد –,Apartment,,Apartments for sale in Cairo | Nasr City,7000000.0,25000,280,4,3,Cash,,,
Property Finder,Unknown,https://www.propertyfinder.eg/en/plp/buy/apartment-for-sale-cairo-nasr-city-6th-zone-makram-ebeid-st-109914265.html,Furnished apartment with appliances for sale – 202,Apartment,,Apartments for sale in Cairo | Nasr City,7000000.0,35000,200,3,2,Cash,,,
Property Finder,Unknown,https://www.propertyfinder.eg/en/plp/buy/apartment-for-sale-cairo-nasr-city-6th-zone-makram-ebeid-st-109920378.html,"Super Lux ِApartment,RTM, in Golden Square",Apartment,,Apartments for sale in Cairo | Nasr City,4725000.0,41086,115,2,2,Cash,,Ready to Move,
Property Finder,Unknown,https://www.propertyfinder.eg/en/plp/buy/apartment-for-sale-cairo-nasr-city-6th-zone-makram-ebeid-st-111018567.html,Fully Furnished Apartment for Sale in 6th District,Apartment,,Apartments for sale in Cairo | Nasr City,3800000.0,25333,150,2,1,Cash,,,
Property Finder,Unknown,https://www.propertyfinder.eg/en/plp/buy/apartment-for-sale-cairo-nasr-city-6th-zone-makram-ebeid-st-111311538.html,Apartment for Sale in Nasr City – Near Internation,Apartment,,Apartments for sale in Cairo | Nasr City,6500000.0,29545,220,3,2,Cash,,,
Property Finder,Unknown,https://www.propertyfinder.eg/en/plp/buy/apartment-for-sale-cairo-nasr-city-6th-zone-makram-ebeid-st-111317771.html,شقة للبيع بالفرش الفندقي – 175م في مكرم عبيد مدينة,Apartment,,Apartments for sale in Cairo | Nasr City,6250000.0,35714,175,3,2,Cash,,,
Property Finder,Unknown,https://www.propertyfinder.eg/en/plp/buy/apartment-for-sale-cairo-nasr-city-6th-zone-makram-ebeid-st-112428215.html,Best Price Apartment | Finished | Prime Location,Apartment,,Apartments for sale in Cairo | Nasr City,7000000.0,25454,275,4,3,Cash,,Ready to move,
Property Finder,Unknown,https://www.propertyfinder.eg/en/plp/buy/apartment-for-sale-cairo-nasr-city-6th-zone-makram-ebeid-st-113541492.html,امتلك شقه بالمربع الذهبي مسجله فيو رائع تطل على مك,Apartment,,Apartments for sale in Cairo | Nasr City,6500000.0,27083,240,3,2,Cash,,,
Property Finder,Unknown,https://www.propertyfinder.eg/en/plp/buy/apartment-for-sale-cairo-nasr-city-6th-zone-makram-ebeid-st-113542456.html,لمحبي المساحات الكبيرة امتلك شقه سعر استثنائي بالم,Apartment,,Apartments for sale in Cairo | Nasr City,5500000.0,22916,240,3,3,Cash,,,
Property Finder,Unknown,https://www.propertyfinder.eg/en/plp/buy/apartment-for-sale-cairo-nasr-city-6th-zone-makram-ebeid-st-2Pebudds7lY.html,apartment for sale in makram ebeid street,Apartment,,Apartments for sale in Cairo | Nasr City,7000000.0,30434,230,3,3,Cash,,,
Property Finder,Unknown,https://www.propertyfinder.eg/en/plp/buy/apartment-for-sale-cairo-nasr-city-6th-zone-moez-al-dawla-st-112987794.html,Luxury apt in Nasr City—Ready & at great price!,Apartment,,Apartments for sale in Cairo | Nasr City,5900000.0,23600,250,4,2,Cash,,ready to move,
Property Finder,Unknown,https://www.propertyfinder.eg/en/plp/buy/apartment-for-sale-cairo-nasr-city-6th-zone-moez-al-dawla-st-112987827.html,"Rare price—Luxury apt, open view in top Nasr City",Apartment,,Apartments for sale in Cairo | Nasr City,5900000.0,23600,250,4,2,Cash,,ready to move,
Property Finder,Unknown,https://www.propertyfinder.eg/en/plp/buy/apartment-for-sale-cairo-nasr-city-6th-zone-moez-al-dawla-st-113250425.html,شقة تشطيب حديث بموقع مميز جدا خطوات لحديقة الطفل,Apartment,,Apartments for sale in Cairo | Nasr City,3700000.0,29600,125,2,1,Cash,,,
Property Finder,Unknown,https://www.propertyfinder.eg/en/plp/buy/apartment-for-sale-cairo-nasr-city-6th-zone-moez-al-dawla-st-113530516.html,"Apartment for Sale – Nasr City, Cairo",Apartment,,Apartments for sale in Cairo | Nasr City,5000000.0,20000,250,3,3,Cash,,,
Property Finder,Unknown,https://www.propertyfinder.eg/en/plp/buy/apartment-for-sale-cairo-nasr-city-6th-zone-mohamed-hassanein-heikal-st-109074585.html,Unmissable Price! Modern Apartment in Nasr City!!!,Apartment,,Apartments for sale in Cairo | Nasr City,5500000.0,42307,130,3,2,Cash,,Ready to move,
Property Finder,Unknown,https://www.propertyfinder.eg/en/plp/buy/apartment-for-sale-cairo-nasr-city-6th-zone-mohamed-hassanein-heikal-st-110463015.html,Luxury 250 sqm apartment for sale – Nasr City (Gol,Apartment,,Apartments for sale in Cairo | Nasr City,8000000.0,32000,250,3,2,Cash,,,
Property Finder,Unknown,https://www.propertyfinder.eg/en/plp/buy/apartment-for-sale-cairo-nasr-city-6th-zone-mohamed-kamel-al-harouny-st-110461869.html,For elegance lovers: luxury 250m apt near Ahly,Apartment,,Apartments for sale in Cairo | Nasr City,10500000.0,42000,250,3,3,Cash,,,
Property Finder,Unknown,https://www.propertyfinder.eg/en/plp/buy/apartment-for-sale-cairo-nasr-city-6th-zone-mohamed-kamel-al-harouny-st-110462276.html,Apartment For Sale 250 Sqm 3 bedrooms bathrooms,Apartment,,Apartments for sale in Cairo | Nasr City,9500000.0,38000,250,3,3,Cash,,,
Property Finder,Unknown,https://www.propertyfinder.eg/en/plp/buy/apartment-for-sale-cairo-nasr-city-6th-zone-mohamed-kamel-al-harouny-st-113266437.html,Spacious 200m² 3BR Flat in Nasr City | Finished,Apartment,,Apartments for sale in Cairo | Nasr City,5800000.0,29000,200,3,2,Cash,,Ready to move,
Property Finder,Unknown,https://www.propertyfinder.eg/en/plp/buy/apartment-for-sale-cairo-nasr-city-6th-zone-mohamed-korayem-st-109063979.html,Luxurious apartment for sale with amazing finished,Apartment,,Apartments for sale in Cairo | Nasr City,6250000.0,28409,220,3,3,Cash,,,
Property Finder,Unknown,https://www.propertyfinder.eg/en/plp/buy/apartment-for-sale-cairo-nasr-city-6th-zone-mohammed-al-maqref-st-112427239.html,شقه 110متر للبيع بمدينه نصر شارع موازي حسن مامون,Apartment,,Apartments for sale in Cairo | Nasr City,2700000.0,24545,110,2,1,Cash,,,
Property Finder,Unknown,https://www.propertyfinder.eg/en/plp/buy/apartment-for-sale-cairo-nasr-city-6th-zone-mostafa-al-nahas-st-111891199.html,"Furnished Apartment for Sale , ACs, Prime Location",Apartment,,Apartments for sale in Cairo | Nasr City,6500000.0,29545,220,4,2,Cash,,,
Property Finder,Unknown,https://www.propertyfinder.eg/en/plp/buy/apartment-for-sale-cairo-nasr-city-6th-zone-mostafa-al-nahas-st-112710598.html,شقه للبيع في مدينه نصر بمساحه 250 متر باالعفش,Apartment,,Apartments for sale in Cairo | Nasr City,7500000.0,30000,250,3,2,Cash,,,
Property Finder,Unknown,https://www.propertyfinder.eg/en/plp/buy/apartment-for-sale-cairo-nasr-city-6th-zone-mostafa-al-nahas-st-112711858.html,بالنحاس الرئيسي أمتلك واستثمر شقه مسجله بالمربع ال,Apartment,,Apartments for sale in Cairo | Nasr City,4000000.0,28985,138,3,2,Cash,,,
Property Finder,Unknown,https://www.propertyfinder.eg/en/plp/buy/apartment-for-sale-cairo-nasr-city-6th-zone-mostafa-al-nahas-st-113542992.html,امتلك شقه 300م بالنحاس الرئيسي سعر استثنائي,Apartment,,Apartments for sale in Cairo | Nasr City,6000000.0,20000,300,3,3,Cash,,,
Property Finder,Unknown,https://www.propertyfinder.eg/en/plp/buy/apartment-for-sale-cairo-nasr-city-6th-zone-sakaliya-st-109639228.html,Super Lux Apartment for Sale in Nasr City,Apartment,,Apartments for sale in Cairo | Nasr City,10000000.0,41666,240,3,3,Cash,,,
Property Finder,Unknown,https://www.propertyfinder.eg/en/plp/buy/apartment-for-sale-cairo-nasr-city-6th-zone-tawfik-ahmed-al-bakry-st-108515534.html,165 sqm apartment for sale on Tawfik El-Bakry St.,Apartment,,Apartments for sale in Cairo | Nasr City,4200000.0,25454,165,3,2,Cash,,,
Property Finder,Unknown,https://www.propertyfinder.eg/en/plp/buy/apartment-for-sale-cairo-nasr-city-7th-district-al-hadiqah-al-dawliyah-111023056.html,Own 100 meter apartment with attractive price,Apartment,,Apartments for sale in Cairo | Nasr City,2800000.0,28000,100,1,1,Cash,,,
Property Finder,Unknown,https://www.propertyfinder.eg/en/plp/buy/apartment-for-sale-cairo-nasr-city-7th-district-al-hadiqah-al-dawliyah-ahmed-hassan-al-zayyat-st-107120436.html,Super Lux 3BR Apartment | Private Roof | Nasr City,Apartment,,Apartments for sale in Cairo | Nasr City,5000000.0,31250,160,3,3,Cash,,,
Property Finder,Unknown,https://www.propertyfinder.eg/en/plp/buy/apartment-for-sale-cairo-nasr-city-7th-district-al-hadiqah-al-dawliyah-ahmed-hassan-al-zayyat-st-113246555.html,2 Bedrooms |Ground Floor |Private Entrance,Apartment,,Apartments for sale in Cairo | Nasr City,2900000.0,32222,90,2,1,Cash,,,
Property Finder,Unknown,https://www.propertyfinder.eg/en/plp/buy/apartment-for-sale-cairo-nasr-city-7th-district-al-hadiqah-al-dawliyah-al-gahez-st-109908538.html,3BR Apartment 160m | Seventh District Nasr City,Apartment,,Apartments for sale in Cairo | Nasr City,5500000.0,34375,160,3,2,Cash,,Ready to Move,
Property Finder,Unknown,https://www.propertyfinder.eg/en/plp/buy/apartment-for-sale-cairo-nasr-city-7th-district-al-hadiqah-al-dawliyah-al-gahez-st-113251158.html,شقة مباني حديثة ووجهه جديدة قرب الحديقة الدولية,Apartment,,Apartments for sale in Cairo | Nasr City,5700000.0,31666,180,3,2,Cash,,,
Property Finder,Unknown,https://www.propertyfinder.eg/en/plp/buy/apartment-for-sale-cairo-nasr-city-7th-district-al-hadiqah-al-dawliyah-al-khalifa-el-amir-st-109636156.html,شقة للبيع 175م – 2008 – مسجلة – جراج – بين عباس و,Apartment,,Apartments for sale in Cairo | Nasr City,6400000.0,36571,175,3,2,Cash,,,
Property Finder,Unknown,https://www.propertyfinder.eg/en/plp/buy/apartment-for-sale-cairo-nasr-city-7th-district-al-hadiqah-al-dawliyah-al-maqdes-al-kabary-st-110463047.html,Luxury 220sqm Apartment | Private Full Floor,Apartment,,Apartments for sale in Cairo | Nasr City,6000000.0,27272,220,3,2,Cash,,ready,
Property Finder,Unknown,https://www.propertyfinder.eg/en/plp/buy/apartment-for-sale-cairo-nasr-city-7th-district-al-hadiqah-al-dawliyah-ibn-ketebaa-st-110462901.html,Ground Floor Apartment with Private Garden,Apartment,,Apartments for sale in Cairo | Nasr City,6250000.0,25000,250,3,2,Cash,,,
Property Finder,Unknown,https://www.propertyfinder.eg/en/plp/buy/apartment-for-sale-cairo-nasr-city-7th-district-al-hadiqah-al-dawliyah-ibn-ketebaa-st-110741979.html,فرصة مميزة | شقة 220م الترا سوبر لوكس مباني 2012,Apartment,,Apartments for sale in Cairo | Nasr City,6500000.0,29545,220,3,2,Cash,,,
Property Finder,Unknown,https://www.propertyfinder.eg/en/plp/buy/apartment-for-sale-cairo-nasr-city-7th-district-al-hadiqah-al-dawliyah-omarat-madinet-al-fath-st-108798965.html,"126 SQM Apartment for Sale in Al Fath Buildings,",Apartment,,Apartments for sale in Cairo | Nasr City,2500000.0,19841,126,3,2,Cash,,,
Property Finder,Unknown,https://www.propertyfinder.eg/en/plp/buy/apartment-for-sale-cairo-nasr-city-7th-district-al-hadiqah-al-dawliyah-zaker-hussein-st-109061556.html,Fully Finished Apartment with Ac’s and Kitchen,Apartment,,Apartments for sale in Cairo | Nasr City,6200000.0,26956,230,3,2,Cash,,,
Property Finder,Unknown,https://www.propertyfinder.eg/en/plp/buy/apartment-for-sale-cairo-nasr-city-7th-district-al-hadiqah-al-dawliyah-zaker-hussein-st-109078351.html,"Apartment for Sale in Nasr City – 7th District, Be",Apartment,,Apartments for sale in Cairo | Nasr City,6500000.0,29545,220,3,2,Cash,,,
Property Finder,Unknown,https://www.propertyfinder.eg/en/plp/buy/apartment-for-sale-cairo-nasr-city-7th-district-al-hadiqah-al-dawliyah-zaker-hussein-st-110463576.html,3 BR Apartment with Private Roof in Nasr City,Apartment,,Apartments for sale in Cairo | Nasr City,4500000.0,36000,125,3,2,Cash,,,
Property Finder,Unknown,https://www.propertyfinder.eg/en/plp/buy/apartment-for-sale-cairo-nasr-city-7th-district-al-hadiqah-al-dawliyah-zaker-hussein-st-112709896.html,"Apartment for Sale – Nasr City, 7th District",Apartment,,Apartments for sale in Cairo | Nasr City,4000000.0,25000,160,4,2,Cash,,ready to move,
Property Finder,Unknown,https://www.propertyfinder.eg/en/plp/buy/apartment-for-sale-cairo-nasr-city-7th-district-dr-abdallah-al-araby-st-109062666.html,شقه للبيع في موقع مميز الحي السابع مباني 2015 مدي,Apartment,,Apartments for sale in Cairo | Nasr City,6000000.0,34285,175,3,2,Cash,,,
Property Finder,Unknown,https://www.propertyfinder.eg/en/plp/buy/apartment-for-sale-cairo-nasr-city-7th-district-dr-abdallah-al-araby-st-109078738.html,لمحبي الهدوء امتلك شقه مسجله مباني حديثه الترا سوب,Apartment,,Apartments for sale in Cairo | Nasr City,5850000.0,33428,175,3,2,Cash,,,
Property Finder,Unknown,https://www.propertyfinder.eg/en/plp/buy/apartment-for-sale-cairo-nasr-city-7th-district-dr-abdallah-al-araby-st-113527220.html,3BR Apartment 200m | Seventh District Nasr City,Apartment,,Apartments for sale in Cairo | Nasr City,5200000.0,26000,200,3,2,Cash,,Ready to Move,
Property Finder,Unknown,https://www.propertyfinder.eg/en/plp/buy/apartment-for-sale-cairo-nasr-city-7th-district-dr-abdallah-al-araby-st-97149127.html,شقة 100م صافي بيع بمطبخ في الحي السابع مدينة نصر,Apartment,,Apartments for sale in Cairo | Nasr City,3000000.0,30000,100,3,1,Cash,,,
Property Finder,Unknown,https://www.propertyfinder.eg/en/plp/buy/apartment-for-sale-cairo-nasr-city-7th-district-gaafar-al-sadek-st-109064445.html,فرصة لن تتكرر فيو مفتوح بحري بسعر مميز,Apartment,,Apartments for sale in Cairo | Nasr City,5700000.0,30000,190,3,2,Cash,,,
Property Finder,Unknown,https://www.propertyfinder.eg/en/plp/buy/apartment-for-sale-cairo-nasr-city-8th-zone-111307124.html,"420 SQM Luxury Apartment – 8th District, Nasr City",Apartment,,Nasr City | Properties for sale in Nasr City Compounds | Apartments for sale in Nasr City Compounds | 2 bedroom Apartments for sale in Nasr City Compounds | 3 bedroom Apartments for sale in Nasr City Compounds,15000000.0,35714,420,4,4,Cash,,ready,
Property Finder,Unknown,https://www.propertyfinder.eg/en/plp/buy/apartment-for-sale-cairo-nasr-city-8th-zone-92134091.html,شقة فاخرة للبيع في أرقى مناطق مدينة نصر,Apartment,,Nasr City | Properties for sale in Nasr City Compounds | Apartments for sale in Nasr City Compounds | 2 bedroom Apartments for sale in Nasr City Compounds | 3 bedroom Apartments for sale in Nasr City Compounds,8000000.0,33333,240,3,3,Cash,,,
Property Finder,Unknown,https://www.propertyfinder.eg/en/plp/buy/apartment-for-sale-cairo-nasr-city-8th-zone-atiya-al-sawalhi-st-113259823.html,شقة للبيع في المنطقة التامنة مدينة نصر,Apartment,,Apartments for sale in Cairo | Nasr City,8000000.0,31372,255,4,2,Cash,,,
Property Finder,Unknown,https://www.propertyfinder.eg/en/plp/buy/apartment-for-sale-cairo-nasr-city-8th-zone-dr-hassan-al-sherif-st-109070147.html,"240 SQM Apartment for Sale in 8th District, Nasr",Apartment,,Apartments for sale in Cairo | Nasr City,7500000.0,31250,240,3,3,Cash,,,
Property Finder,Unknown,https://www.propertyfinder.eg/en/plp/buy/apartment-for-sale-cairo-nasr-city-8th-zone-dr-hassan-al-sherif-st-113819535.html,Spacious Apartment in Nasr City | Hassan El-Sherif,Apartment,,Apartments for sale in Cairo | Nasr City,6500000.0,29545,220,4,2,Cash,,,
Property Finder,Unknown,https://www.propertyfinder.eg/en/plp/buy/apartment-for-sale-cairo-nasr-city-8th-zone-dr-naguib-mahfouz-st-109362173.html,شقة مميزة 255م للبيع – فيو مباشر على حديقة نجيب م,Apartment,,Apartments for sale in Cairo | Nasr City,7900000.0,30980,255,4,2,Cash,,,
Property Finder,Unknown,https://www.propertyfinder.eg/en/plp/buy/apartment-for-sale-cairo-nasr-city-8th-zone-dr-naguib-mahfouz-st-111033829.html,Ultra Super Lux Apartment for Sale in Nasr City,Apartment,Resale,Apartments for sale in Cairo | Nasr City,8000000.0,31372,255,4,2,Cash,,,
Property Finder,Unknown,https://www.propertyfinder.eg/en/plp/buy/apartment-for-sale-cairo-nasr-city-8th-zone-dr-naguib-mahfouz-st-111305976.html,Prime Nasr City Location | Open View | For Sale,Apartment,,Apartments for sale in Cairo | Nasr City,8000000.0,35555,225,4,2,Cash,,,
Property Finder,Unknown,https://www.propertyfinder.eg/en/plp/buy/apartment-for-sale-cairo-nasr-city-8th-zone-hesham-labib-st-111580602.html,Nasr City Hesham Labib apartment 200m fully finish,Apartment,,Apartments for sale in Cairo | Nasr City,5800000.0,29000,200,3,2,Cash,,,
Property Finder,Unknown,https://www.propertyfinder.eg/en/plp/buy/apartment-for-sale-cairo-nasr-city-8th-zone-omar-hefny-st-110462398.html,apartment for Sale in Nasr City 200 sqm,Apartment,,Apartments for sale in Cairo | Nasr City,5000000.0,25000,200,3,2,Cash,,,
Property Finder,Unknown,https://www.propertyfinder.eg/en/plp/buy/apartment-for-sale-cairo-nasr-city-8th-zone-omar-hefny-st-110462633.html,apartment for Sale in Nasr City 200 sqm,Apartment,,Apartments for sale in Cairo | Nasr City,5000000.0,25000,200,3,2,Cash,,,
Property Finder,Unknown,https://www.propertyfinder.eg/en/plp/buy/apartment-for-sale-cairo-nasr-city-8th-zone-samir-abdel-raouf-st-109073742.html,Apartment for sale in prime location—owner’s agent,Apartment,,Apartments for sale in Cairo | Nasr City,6200000.0,20666,300,4,4,Cash,,,
Property Finder,Unknown,https://www.propertyfinder.eg/en/plp/buy/apartment-for-sale-cairo-nasr-city-8th-zone-samir-abdel-raouf-st-109073803.html,"Apartment for sale near Siraj Mall, Nasr City",Apartment,,Apartments for sale in Cairo | Nasr City,6200000.0,20666,300,4,4,Cash,,,
Property Finder,Unknown,https://www.propertyfinder.eg/en/plp/buy/apartment-for-sale-cairo-nasr-city-8th-zone-samir-abdel-raouf-st-112987868.html,"Apartment for sale near Siraj Mall, Nasr City",Apartment,,Apartments for sale in Cairo | Nasr City,6200000.0,20666,300,4,4,Cash,,,
Property Finder,Unknown,https://www.propertyfinder.eg/en/plp/buy/apartment-for-sale-cairo-nasr-city-9th-zone-110473450.html,Prime Apartment for Sale in the Heart of Nasr City,Apartment,,Apartments for sale in Cairo | Nasr City | Properties for sale in Nasr City Compounds | Apartments for sale in Nasr City Compounds | 2 bedroom Apartments for sale in Nasr City Compounds,4800000.0,35555,135,2,1,Cash,,Ready,
Property Finder,Unknown,https://www.propertyfinder.eg/en/plp/buy/apartment-for-sale-cairo-nasr-city-9th-zone-111584353.html,A Rare Opportunity: Smart Apartment for Sale in th,Apartment,,Nasr City | Properties for sale in Nasr City Compounds | Apartments for sale in Nasr City Compounds | 2 bedroom Apartments for sale in Nasr City Compounds | 3 bedroom Apartments for sale in Nasr City Compounds,7900000.0,35909,220,3,2,Cash,,,
Property Finder,Unknown,https://www.propertyfinder.eg/en/plp/buy/apartment-for-sale-cairo-nasr-city-9th-zone-ahmed-al-zomor-st-112710402.html,شقة للبيع في المنطقة التاسعة تطل على شينزو ابي,Apartment,,Apartments for sale in Cairo | Nasr City,5000000.0,29411,170,3,2,Cash,,,
Property Finder,Unknown,https://www.propertyfinder.eg/en/plp/buy/apartment-for-sale-cairo-nasr-city-9th-zone-ahmed-al-zomor-st-113254300.html,في شارع قريب من احمد الزمر وشيزو آبي,Apartment,,Apartments for sale in Cairo | Nasr City,4200000.0,28000,150,3,2,Cash,,,
Property Finder,Unknown,https://www.propertyfinder.eg/en/plp/buy/apartment-for-sale-cairo-nasr-city-9th-zone-al-madina-el-monawara-st-112982574.html,195 SQM Apartment on Shenzu Abi Axis,Apartment,,Apartments for sale in Cairo | Nasr City,5300000.0,27179,195,3,2,Cash,,,
Property Finder,Unknown,https://www.propertyfinder.eg/en/plp/buy/apartment-for-sale-cairo-nasr-city-9th-zone-al-mohandes-ehab-ezzat-st-113253904.html,شقة بمدينة نصر بين المنطقة العاشرة والتاسعه,Apartment,,Apartments for sale in Cairo | Nasr City,3500000.0,25000,140,2,1,Cash,,,
Property Finder,Unknown,https://www.propertyfinder.eg/en/plp/buy/apartment-for-sale-cairo-nasr-city-9th-zone-dr-ibrahim-nagy-st-108782436.html,3BR Apartment 170m | Ibrahim Nagi St Nasr City,Apartment,,Apartments for sale in Cairo | Nasr City,4500000.0,26470,170,3,2,Cash,,Ready to Move,
Property Finder,Unknown,https://www.propertyfinder.eg/en/plp/buy/apartment-for-sale-cairo-nasr-city-9th-zone-dr-ibrahim-nagy-st-111318414.html,شقة للبيع 185م – فيو حديقة – المنطقة التاسعة مدينة,Apartment,,Apartments for sale in Cairo | Nasr City,5500000.0,29729,185,3,2,Cash,,,
Property Finder,Unknown,https://www.propertyfinder.eg/en/plp/buy/apartment-for-sale-cairo-nasr-city-9th-zone-dr-ibrahim-nagy-st-113250347.html,شقة 165 م مباني حديثة ومسجله شهر عقاري للبيع,Apartment,,Apartments for sale in Cairo | Nasr City,4600000.0,27878,165,3,2,Cash,,,
Property Finder,Unknown,https://www.propertyfinder.eg/en/plp/buy/apartment-for-sale-cairo-nasr-city-al-nadi-al-ahly-africa-emtedad-mostafa-al-nahas-st-112970802.html,شقة للبيع خلف مسجد احمد المعصراوي الحي التامن,Apartment,,Apartments for sale in Cairo | Nasr City,4200000.0,28965,145,3,2,Cash,,,
Property Finder,Unknown,https://www.propertyfinder.eg/en/plp/buy/apartment-for-sale-cairo-nasr-city-al-nadi-al-ahly-africa-emtedad-mostafa-al-nahas-st-113261413.html,شقة للبيع في المنطقة التامنة مدينة نصر,Apartment,,Apartments for sale in Cairo | Nasr City,6800000.0,28333,240,3,3,Cash,,,
Property Finder,Unknown,https://www.propertyfinder.eg/en/plp/buy/apartment-for-sale-cairo-nasr-city-al-nadi-al-ahly-al-taqa-st-mohamed-mostafa-al-sayed-110739283.html,فرصه امتلك شقه شارع النادي الاهلي سعر استثنائ ن,Apartment,,Apartments for sale in Cairo | Nasr City,4600000.0,21904,210,3,2,Cash,,,
Property Finder,Unknown,https://www.propertyfinder.eg/en/plp/buy/apartment-for-sale-cairo-nasr-city-al-sefarat-district-111039364.html,175m Apartment for Sale in Al Sefarat District,Apartment,,Nasr City | Properties for sale in Nasr City Compounds | Apartments for sale in Nasr City Compounds | 2 bedroom Apartments for sale in Nasr City Compounds | 3 bedroom Apartments for sale in Nasr City Compounds,4305000.0,24600,175,3,2,Cash,,ready To Move,
Property Finder,Unknown,https://www.propertyfinder.eg/en/plp/buy/apartment-for-sale-cairo-nasr-city-al-sefarat-district-omar-ibn-al-khattab-st-111317314.html,شقة للبيع 300م بفيو مباشر على حديقة – حي السفارات,Apartment,,Apartments for sale in Cairo | Nasr City,7350000.0,24500,300,3,3,Cash,,,
Property Finder,Unknown,https://www.propertyfinder.eg/en/plp/buy/apartment-for-sale-cairo-nasr-city-al-sefarat-district-saeed-zakaria-st-111885905.html,For Sale |Apartment 219m Fully Finished In Sanabel,Apartment,,Apartments for sale in Cairo | Nasr City,6500000.0,29680,219,3,2,Cash,,Ready,
Property Finder,Unknown,https://www.propertyfinder.eg/en/plp/buy/apartment-for-sale-cairo-nasr-city-al-wafa-wa-al-amal-113538147.html,Distinctive 4-room apartment for sale (250 sqm) wi,Apartment,,Nasr City | Properties for sale in Nasr City Compounds | Apartments for sale in Nasr City Compounds | 2 bedroom Apartments for sale in Nasr City Compounds | 3 bedroom Apartments for sale in Nasr City Compounds,6000000.0,24000,250,3,2,Cash,,,
Property Finder,Unknown,https://www.propertyfinder.eg/en/plp/buy/apartment-for-sale-cairo-nasr-city-el-estad-al-nasr-road-109928123.html,RTM 2br Apartment with Garden In Creek Town,Apartment,First Sale,Apartments for sale in Cairo | Nasr City,1093386.0,27334,40,2,2,Installments,,Ready,
Property Finder,Unknown,https://www.propertyfinder.eg/en/plp/buy/apartment-for-sale-cairo-nasr-city-el-tawfik-city-ibn-fadlan-st-109634970.html,# شقة للبيع مفروشة بالكامل – عمارات التوفيق – شارع,Apartment,,Apartments for sale in Cairo | Nasr City,3400000.0,29565,115,3,1,Cash,,,
Property Finder,Unknown,https://www.propertyfinder.eg/en/plp/buy/apartment-for-sale-cairo-nasr-city-izbat-al-haganah-al-zohour-st-111606453.html,Best price Fully Finished apartment with ACs,Apartment,,Apartments for sale in Cairo | Nasr City,5500000.0,30555,180,2,2,Cash,,,
Property Finder,Unknown,https://www.propertyfinder.eg/en/plp/buy/apartment-for-sale-cairo-nasr-city-masaken-al-mohandesin-abo-gaafar-al-nahas-st-110464003.html,Exceptional 330 sqm Super Lux Residence Overlookin,Apartment,,Apartments for sale in Cairo | Nasr City | Properties for sale in Go Heliopolis,8500000.0,25757,330,3,2,Cash,,,
Property Finder,Unknown,https://www.propertyfinder.eg/en/plp/buy/apartment-for-sale-cairo-nasr-city-masaken-al-mohandesin-city-stars-110740423.html,شقة للبيع 160 متر بالقرب من سيتي ستارز مدينة نصر,Apartment,,Apartments for sale in Cairo | Nasr City | Properties for sale in Go Heliopolis | Apartments for sale in Go Heliopolis,5300000.0,33125,160,3,2,Cash,,,
Property Finder,Unknown,https://www.propertyfinder.eg/en/plp/buy/apartment-for-sale-cairo-nasr-city-masaken-al-mohandesin-city-stars-113255690.html,للبيع من المالك مباشرة – موقع مميز جدًا بجوار سيتي,Apartment,,Apartments for sale in Cairo | Nasr City | Properties for sale in Go Heliopolis | Apartments for sale in Go Heliopolis,3850000.0,25666,150,3,1,Cash,,,
Property Finder,Heliopolis,https://www.propertyfinder.eg/en/plp/buy/apartment-for-sale-cairo-nasr-city-masaken-al-mohandesin-go-heliopolis-109059695.html,Apartment for sale in GO Heliopolis | Nozha Street,Apartment,,Nasr City | Go Heliopolis | Properties for sale in Go Heliopolis | Apartments for sale in Go Heliopolis | 3 bedroom Apartments for sale in Go Heliopolis,9500000.0,61290,155,3,3,Cash,,Under Construction,
Property Finder,Heliopolis,https://www.propertyfinder.eg/en/plp/buy/apartment-for-sale-cairo-nasr-city-masaken-al-mohandesin-go-heliopolis-111303027.html,Fully finished 2bd apartment sale at Go Heliopolis,Apartment,,Apartments for sale in Cairo | Nasr City | Go Heliopolis | Properties for sale in Go Heliopolis | Apartments for sale in Go Heliopolis,7500000.0,60000,125,2,3,Cash,,ready to move,
Property Finder,Unknown,https://www.propertyfinder.eg/en/plp/buy/apartment-for-sale-cairo-nasr-city-masaken-al-mohandesin-hassan-aflaton-st-107417534.html,Spacious Registered Apartment Near City Stars Heliopolis,Apartment,,Apartments for sale in Cairo | Nasr City | Properties for sale in Go Heliopolis | Apartments for sale in Go Heliopolis,4150000.0,24411,170,3,2,Cash,,,
Property Finder,Unknown,https://www.propertyfinder.eg/en/plp/buy/apartment-for-sale-cairo-nasr-city-masaken-al-mohandesin-hassan-aflaton-st-110461425.html,Apartment for Sale in Ard El Golf – Hassan Aflaton,Apartment,,Apartments for sale in Cairo | Nasr City | Properties for sale in Go Heliopolis | Apartments for sale in Go Heliopolis,6200000.0,34444,180,3,1,Cash,,,
Property Finder,Unknown,https://www.propertyfinder.eg/en/plp/buy/apartment-for-sale-cairo-nasr-city-masaken-al-mohandesin-hassan-aflaton-st-110463937.html,Apartment for Sale in Ard El Golf – Hassan Aflaton,Apartment,,Apartments for sale in Cairo | Nasr City | Properties for sale in Go Heliopolis | Apartments for sale in Go Heliopolis,6200000.0,34444,180,3,1,Cash,,,
Property Finder,Unknown,https://www.propertyfinder.eg/en/plp/buy/apartment-for-sale-cairo-nasr-city-masaken-al-mohandesin-hassan-aflaton-st-110742403.html,Apartment behind UAE embassy with a garden view...,Apartment,,Apartments for sale in Cairo | Nasr City | Properties for sale in Go Heliopolis | Apartments for sale in Go Heliopolis,4000000.0,30075,133,2,2,Cash,,,
Property Finder,Unknown,https://www.propertyfinder.eg/en/plp/buy/apartment-for-sale-cairo-nasr-city-nasr-city-compounds-110746010.html,2 BR Apartment for Sale in Degla Landmark,Apartment,,Apartments for sale in Nasr City Compounds | 2 bedroom Apartments for sale in Nasr City Compounds | 1 bedroom Apartments for sale in Nasr City Compounds | Studio Apartments for sale in Nasr City Compounds | Furnished Apartments for sale in Nasr City Compounds,2800000.0,25454,110,2,1,Cash,,,
Property Finder,Unknown,https://www.propertyfinder.eg/en/plp/buy/apartment-for-sale-cairo-nasr-city-nasr-city-compounds-113256511.html,Apartment for Sale in Green Hills Compound – Nasr,Apartment,,Apartments for sale in Nasr City Compounds | 2 bedroom Apartments for sale in Nasr City Compounds | 3 bedroom Apartments for sale in Nasr City Compounds | 1 bedroom Apartments for sale in Nasr City Compounds | Studio Apartments for sale in Nasr City Compounds,6200000.0,31794,195,3,2,Cash,,,
Property Finder,Unknown,https://www.propertyfinder.eg/en/plp/buy/apartment-for-sale-cairo-nasr-city-nasr-city-compounds-capital-east-108799588.html,"95m Apt Sale – Capital East Residence, Nasr City",Apartment,,Apartments for sale in Cairo | Nasr City | Nasr City Compounds | Properties for sale in Nasr City Towers,1750000.0,18421,95,2,2,Cash,,Under Construction,
Property Finder,Unknown,https://www.propertyfinder.eg/en/plp/buy/apartment-for-sale-cairo-nasr-city-nasr-city-compounds-capital-east-109362602.html,"95m Super Lux Apt For Sale – Residence, Nasr City",Apartment,,Apartments for sale in Cairo | Nasr City | Nasr City Compounds | Properties for sale in Nasr City Towers,2500000.0,26315,95,2,2,Cash,,Under Construction,
Property Finder,Unknown,https://www.propertyfinder.eg/en/plp/buy/apartment-for-sale-cairo-nasr-city-nasr-city-compounds-capital-east-109362762.html,"97m Semi Finished Apt Sale – Residence, Nasr City",Apartment,,Apartments for sale in Cairo | Nasr City | Nasr City Compounds | Properties for sale in Nasr City Towers,2150000.0,22164,97,2,2,Cash,,Under Construction,
Property Finder,Unknown,https://www.propertyfinder.eg/en/plp/buy/apartment-for-sale-cairo-nasr-city-nasr-city-compounds-capital-east-109924613.html,"92m University View Sale – Capital East, Nasr City",Apartment,,Apartments for sale in Cairo | Nasr City | Nasr City Compounds | Properties for sale in Nasr City Towers,2800000.0,30434,92,2,1,Cash,,Under Construction,
Property Finder,Unknown,https://www.propertyfinder.eg/en/plp/buy/apartment-for-sale-cairo-nasr-city-nasr-city-compounds-capital-east-113543917.html,"97m Apt 90% Finished Sale – Residence, Nasr City",Apartment,,Apartments for sale in Cairo | Nasr City | Nasr City Compounds | Properties for sale in Nasr City Towers,2500000.0,25773,97,2,2,Cash,,Under Construction,
Property Finder,Unknown,https://www.propertyfinder.eg/en/plp/buy/apartment-for-sale-cairo-nasr-city-nasr-city-compounds-capital-east-113825835.html,"3BR Super Lux Apt – Residence Compound, Nasr City",Apartment,,Apartments for sale in Cairo | Nasr City | Nasr City Compounds | Properties for sale in Nasr City Towers,3000000.0,24590,122,3,3,Cash,,Under Construction,
Property Finder,Unknown,https://www.propertyfinder.eg/en/plp/buy/apartment-for-sale-cairo-nasr-city-nasr-city-compounds-capital-east-113825944.html,"129m Apartment for Sale – Capital East, Nasr City",Apartment,,Apartments for sale in Cairo | Nasr City | Nasr City Compounds | Properties for sale in Nasr City Towers,3600000.0,27906,129,3,3,Cash,,Under Construction,
Property Finder,Unknown,https://www.propertyfinder.eg/en/plp/buy/apartment-for-sale-cairo-nasr-city-nasr-city-compounds-capital-east-113826113.html,"88m Apt for Sale– Capital East Compound,Nasr City",Apartment,,Apartments for sale in Cairo | Nasr City | Nasr City Compounds | Properties for sale in Nasr City Towers,2500000.0,28409,88,2,2,Cash,,Under Construction,
Property Finder,Unknown,https://www.propertyfinder.eg/en/plp/buy/apartment-for-sale-cairo-nasr-city-nasr-city-compounds-capital-east-113826270.html,"92m Apt for Sale–Direct View of ECU, Nasr city",Apartment,,Apartments for sale in Cairo | Nasr City | Nasr City Compounds | Properties for sale in Nasr City Towers,2400000.0,26086,92,2,1,Cash,,Under Construction,
Property Finder,Unknown,https://www.propertyfinder.eg/en/plp/buy/apartment-for-sale-cairo-nasr-city-nasr-city-compounds-capital-east-113826565.html,150m Apartment for Sale – Capital East - Nasr Cit,Apartment,,Apartments for sale in Cairo | Nasr City | Nasr City Compounds | Properties for sale in Nasr City Towers,3750000.0,25000,150,3,3,Cash,,Under Construction,
Property Finder,Unknown,https://www.propertyfinder.eg/en/plp/buy/apartment-for-sale-cairo-nasr-city-nasr-city-compounds-capital-east-113826677.html,"2BR Apartment for Sale – Residence, Nasr City",Apartment,,Apartments for sale in Cairo | Nasr City | Nasr City Compounds | Properties for sale in Nasr City Towers,2400000.0,24742,97,2,2,Cash,,Under Construction,
Property Finder,Unknown,https://www.propertyfinder.eg/en/plp/buy/apartment-for-sale-cairo-nasr-city-nasr-city-compounds-capital-east-113826696.html,"98m Apt For Sale with ACs– Capital East, Nasr City",Apartment,,Apartments for sale in Cairo | Nasr City | Nasr City Compounds | Properties for sale in Nasr City Towers,3000000.0,30612,98,2,2,Cash,,Under Construction,
Property Finder,Unknown,https://www.propertyfinder.eg/en/plp/buy/apartment-for-sale-cairo-nasr-city-nasr-city-compounds-landmark-108514446.html,2 BR Apartment in Nasr City with Shared Pool,Apartment,,Apartments for sale in Cairo | Nasr City | Nasr City Compounds | Properties for sale in Nasr City Towers,2400000.0,23300,103,2,1,Cash,,,
Property Finder,Unknown,https://www.propertyfinder.eg/en/plp/buy/apartment-for-sale-cairo-nasr-city-nasr-city-compounds-landmark-109628848.html,2 BR Apartment in Nasr City for Sale,Apartment,,Apartments for sale in Cairo | Nasr City | Nasr City Compounds | Properties for sale in Nasr City Towers,2400000.0,23300,103,2,1,Cash,,ready,
Property Finder,Unknown,https://www.propertyfinder.eg/en/plp/buy/apartment-for-sale-cairo-nasr-city-nasr-city-compounds-landmark-109628850.html,3 BR Apartment in Nasr City | 120 sqm | Semi-Finished,Apartment,,Apartments for sale in Cairo | Nasr City | Nasr City Compounds | Properties for sale in Nasr City Towers,2700000.0,22500,120,3,1,Cash,,,
Property Finder,Unknown,https://www.propertyfinder.eg/en/plp/buy/apartment-for-sale-cairo-nasr-city-nasr-city-compounds-landmark-109635937.html,"3 BR Apartment in Nasr City, 122 sqm",Apartment,,Apartments for sale in Cairo | Nasr City | Nasr City Compounds | Properties for sale in Nasr City Towers,2500000.0,20491,122,3,1,Cash,,,
Property Finder,Unknown,https://www.propertyfinder.eg/en/plp/buy/apartment-for-sale-cairo-nasr-city-nasr-city-compounds-landmark-109920017.html,2 BR Apartment with Private Pool in Nasr City,Apartment,,Apartments for sale in Cairo | Nasr City | Nasr City Compounds | Properties for sale in Nasr City Towers,2000000.0,22471,89,2,1,Cash,,ready,
Property Finder,Unknown,https://www.propertyfinder.eg/en/plp/buy/apartment-for-sale-cairo-nasr-city-nasr-city-compounds-landmark-110197006.html,apartment for sale in landmark compound 160sqm,Apartment,,Apartments for sale in Cairo | Nasr City | Nasr City Compounds | Properties for sale in Nasr City Towers,4500000.0,28125,160,3,2,Cash,,,
Property Finder,Unknown,https://www.propertyfinder.eg/en/plp/buy/apartment-for-sale-cairo-nasr-city-nasr-city-compounds-landmark-110464274.html,3BR Apartment 158m | Landmark Compound | Nasr City,Apartment,,Apartments for sale in Cairo | Nasr City | Nasr City Compounds | Properties for sale in Nasr City Towers,3500000.0,22151,158,3,2,Cash,,Ready to Move,
Property Finder,Unknown,https://www.propertyfinder.eg/en/plp/buy/apartment-for-sale-cairo-nasr-city-nasr-city-compounds-landmark-110738832.html,2 BR Apartment with Private Pool in Nasr City,Apartment,,Apartments for sale in Cairo | Nasr City | Nasr City Compounds | Properties for sale in Nasr City Towers,2100000.0,18584,113,2,2,Cash,,delivered,
Property Finder,Unknown,https://www.propertyfinder.eg/en/plp/buy/apartment-for-sale-cairo-nasr-city-nasr-city-compounds-landmark-111890679.html,Contract Price Studio Ready to move Degla Landmark,Apartment,,Apartments for sale in Cairo | Nasr City | Nasr City Compounds | Properties for sale in Nasr City Towers,1875000.0,34090,55,1,1,Installments,1100000.0,Ready to move,
Property Finder,Unknown,https://www.propertyfinder.eg/en/plp/buy/apartment-for-sale-cairo-nasr-city-nasr-city-compounds-landmark-113826481.html,"103m Semi Finished Apt Sale – Landmark, Nasr City",Apartment,,Apartments for sale in Cairo | Nasr City | Nasr City Compounds | Properties for sale in Nasr City Towers,2100000.0,20388,103,2,1,Cash,,,
Property Finder,Unknown,https://www.propertyfinder.eg/en/plp/buy/apartment-for-sale-cairo-nasr-city-nasr-city-compounds-landmark-113826503.html,"65m Furnished Studio For Sale– Landmark, Nasr City",Apartment,,Apartments for sale in Cairo | Nasr City | Nasr City Compounds | Properties for sale in Nasr City Towers,2000000.0,30769,65,,1,Cash,,,
Property Finder,Unknown,https://www.propertyfinder.eg/en/plp/buy/apartment-for-sale-cairo-nasr-city-nasr-city-compounds-landmark-114088256.html,"3-bedroom apartment, 120 sq m, for sale in Landmar",Apartment,,Apartments for sale in Cairo | Nasr City | Nasr City Compounds,3600000.0,30000,120,3,1,Cash,,,
Property Finder,Unknown,https://www.propertyfinder.eg/en/plp/buy/apartment-for-sale-cairo-nasr-city-rabaa-al-adaweyah-al-tayaran-st-108512312.html,Apartments for sale in Nasr City,Apartment,,Apartments for sale in Cairo | Nasr City,5100000.0,40800,125,3,1,Cash,,ready,
Property Finder,Unknown,https://www.propertyfinder.eg/en/plp/buy/apartment-for-sale-cairo-nasr-city-rabaa-al-adaweyah-al-tayaran-st-110462383.html,Apartment for Sale in the Heart of Nasr City 270 M,Apartment,,Apartments for sale in Cairo | Nasr City,10000000.0,37037,270,3,3,Cash,,Ready,
Property Finder,Unknown,https://www.propertyfinder.eg/en/plp/buy/apartment-for-sale-cairo-nasr-city-rabaa-al-adaweyah-al-tayaran-st-111020097.html,Ready to move - ACs - kitchen - opportunity,Apartment,,Apartments for sale in Cairo | Nasr City,8500000.0,28333,300,4,3,Cash,,Ready to move,
Property Finder,Unknown,https://www.propertyfinder.eg/en/plp/buy/apartment-for-sale-cairo-nasr-city-rabaa-al-adaweyah-al-tayaran-st-111036832.html,150 sqm Administrative Office for Sale on Main,Apartment,,Apartments for sale in Cairo | Nasr City,8000000.0,53333,150,2,2,Cash,,,
Property Finder,Unknown,https://www.propertyfinder.eg/en/plp/buy/apartment-for-sale-cairo-nasr-city-rabaa-al-adaweyah-al-tayaran-st-113525082.html,Apartment fully finished in nasr city eltayran st,Apartment,,Apartments for sale in Cairo | Nasr City,5750000.0,31944,180,3,2,Cash,,,
Property Finder,Unknown,https://www.propertyfinder.eg/en/plp/buy/apartment-for-sale-cairo-nasr-city-zahraa-madinat-nasr-gardenia-city-compound-nasr-city-109623976.html,Low Price Apt 115m Near Cairo Airport-Flex Payment,Apartment,First Sale,Gardenia City Compound Nasr City | Properties for sale in Gardenia City Compound Nasr City | Apartments for sale in Gardenia City Compound Nasr City | 2 bedroom Apartments for sale in Gardenia City Compound Nasr City | Furnished Apartments for sale in Gardenia City Compound Nasr City,1500000.0,13043,115,2,2,Cash,,,
Property Finder,Unknown,https://www.propertyfinder.eg/en/plp/buy/apartment-for-sale-cairo-nasr-city-zahraa-madinat-nasr-gardenia-city-compound-nasr-city-109913515.html,open view apt105m 10yr installment taj city,Apartment,First Sale,Gardenia City Compound Nasr City | Properties for sale in Gardenia City Compound Nasr City | Apartments for sale in Gardenia City Compound Nasr City | 2 bedroom Apartments for sale in Gardenia City Compound Nasr City | Furnished Apartments for sale in Gardenia City Compound Nasr City,6500000.0,61904,105,2,2,Installments,650000.0,Offplan,
Property Finder,Unknown,https://www.propertyfinder.eg/en/plp/buy/apartment-for-sale-cairo-nasr-city-zahraa-madinat-nasr-gardenia-city-compound-nasr-city-109927761.html,120m Private Finishing Ready to Move with AC,Apartment,,Apartments for sale in Gardenia City Compound Nasr City | 3 bedroom Apartments for sale in Gardenia City Compound Nasr City | 2 bedroom Apartments for sale in Gardenia City Compound Nasr City | Furnished Apartments for sale in Gardenia City Compound Nasr City | Furnished 3 bedroom Apartments for sale in Gardenia City Compound Nasr City,5125000.0,42708,120,3,1,Cash,,Ready to Move,
Property Finder,Unknown,https://www.propertyfinder.eg/en/plp/buy/apartment-for-sale-cairo-nasr-city-zahraa-madinat-nasr-gardenia-city-compound-nasr-city-111039414.html,Furnished Apt with Garden for Sale in Gardenia,Apartment,,Apartments for sale in Gardenia City Compound Nasr City | 3 bedroom Apartments for sale in Gardenia City Compound Nasr City | 2 bedroom Apartments for sale in Gardenia City Compound Nasr City | Furnished Apartments for sale in Gardenia City Compound Nasr City | Furnished 3 bedroom Apartments for sale in Gardenia City Compound Nasr City,5455000.0,45458,120,3,1,Cash,,,
Property Finder,Unknown,https://www.propertyfinder.eg/en/plp/buy/apartment-for-sale-cairo-nasr-city-zahraa-madinat-nasr-gardenia-city-compound-nasr-city-112425388.html,Apartment for Sale at a Special Price – Gardenia 1,Apartment,,Gardenia City Compound Nasr City | Properties for sale in Gardenia City Compound Nasr City | Apartments for sale in Gardenia City Compound Nasr City | 2 bedroom Apartments for sale in Gardenia City Compound Nasr City | Furnished Apartments for sale in Gardenia City Compound Nasr City,3200000.0,25600,125,2,1,Cash,,,
Property Finder,Unknown,https://www.propertyfinder.eg/en/plp/buy/apartment-for-sale-cairo-nasr-city-zahraa-madinat-nasr-gardenia-city-compound-nasr-city-112985397.html,Super-lux Apartment for Sale in City Golf,Apartment,,Apartments for sale in Gardenia City Compound Nasr City | 3 bedroom Apartments for sale in Gardenia City Compound Nasr City | 2 bedroom Apartments for sale in Gardenia City Compound Nasr City | Furnished Apartments for sale in Gardenia City Compound Nasr City | Furnished 3 bedroom Apartments for sale in Gardenia City Compound Nasr City,17730000.0,100738,176,3,3,Installments,7725000.0,Offplan,
Property Finder,Unknown,https://www.propertyfinder.eg/en/plp/buy/apartment-for-sale-cairo-nasr-city-zahraa-madinat-nasr-gardenia-city-compound-nasr-city-113825188.html,landscape view 10 y installment 105m in taj city,Apartment,First Sale,Gardenia City Compound Nasr City | Properties for sale in Gardenia City Compound Nasr City | Apartments for sale in Gardenia City Compound Nasr City | 2 bedroom Apartments for sale in Gardenia City Compound Nasr City | Furnished Apartments for sale in Gardenia City Compound Nasr City,5600000.0,53333,105,2,2,Installments,560000.0,Offplan,
Property Finder,Unknown,https://www.propertyfinder.eg/en/plp/buy/apartment-for-sale-cairo-new-cairo-city-acasa-mia-113259079.html,"Apartment On 90th Street ,New Cairo |10%Dp",Apartment,First Sale,iVillas for sale in The 5th Settlement | Apartments for sale in The 5th Settlement | 3 bedroom Apartments for sale in The 5th Settlement | 2 bedroom Apartments for sale in The 5th Settlement | Furnished Apartments for sale in The 5th Settlement,5960000.0,37250,160,3,3,Installments,,Offplan,
Property Finder,Unknown,https://www.propertyfinder.eg/en/plp/buy/apartment-for-sale-cairo-new-cairo-city-al-andalus-district-regents-park-113823074.html,Fully finished Apartment with 100m garden,Apartment,Resale,Apartments for sale in Cairo | New Cairo City,13500000.0,96428,140,2,2,Cash,,Ready,
Property Finder,Unknown,https://www.propertyfinder.eg/en/plp/buy/apartment-for-sale-cairo-new-cairo-city-al-rehab-rehab-city-fifth-phase-othmman-ibn-affan-st-113830671.html,258m Ultra Luxury – | kitchen&acs and lights,Apartment,,Apartments for sale in Cairo | New Cairo City,13600000.0,52713,258,4,3,Cash,,,
Property Finder,Unknown,https://www.propertyfinder.eg/en/plp/buy/apartment-for-sale-cairo-new-cairo-city-al-rehab-rehab-city-fifth-phase-talaat-mostafa-st-112971324.html,Fully Finish 3BR Apt 150m Sale | Al Rehab Phase 5,Apartment,,Apartments for sale in Cairo | New Cairo City,8000000.0,53333,150,3,2,Cash,,,
Property Finder,Unknown,https://www.propertyfinder.eg/en/plp/buy/apartment-for-sale-cairo-new-cairo-city-el-katameya-el-katameya-compounds-mountain-view-executive-residence-katameya-113262648.html,APT Finished With Kitchen + AC's | Ready To Move,Apartment,,Apartments for sale in Cairo | New Cairo City | El Katameya Compounds,8500000.0,63909,133,2,2,Cash,,Ready To Move,
Property Finder,Unknown,https://www.propertyfinder.eg/en/plp/buy/apartment-for-sale-cairo-new-cairo-city-el-lotus-north-lotus-113261159.html,3 BR Apartment for Sale | 170 sqm | 5th Floor,Apartment,,Apartments for sale in Cairo | New Cairo City,4200000.0,24705,170,3,2,Cash,,ready,
Property Finder,Unknown,https://www.propertyfinder.eg/en/plp/buy/apartment-for-sale-cairo-new-cairo-city-grova-east-hills-114082569.html,Own Villa Delivery 2y With installment 8y next Auc,Apartment,First Sale,iVillas for sale in The 5th Settlement | Apartments for sale in The 5th Settlement | 3 bedroom Apartments for sale in The 5th Settlement | 2 bedroom Apartments for sale in The 5th Settlement | Furnished Apartments for sale in The 5th Settlement,48000000.0,144578,332,4,4,Installments,2400000.0,Offplan,
Property Finder,Unknown,https://www.propertyfinder.eg/en/plp/buy/apartment-for-sale-cairo-new-cairo-city-hyde-park-garden-residence-113253734.html,RTM Apartment With Prime Location Special Price,Apartment,Resale,Apartments for sale in Cairo | New Cairo City,8630000.0,51369,168,3,3,Installments,,Ready To Move,
Property Finder,Unknown,https://www.propertyfinder.eg/en/plp/buy/apartment-for-sale-cairo-new-cairo-city-hyde-park-garden-residence-113253985.html,Apartment With Lowest Down Payment Installment 10Y,Apartment,First Sale,Apartments for sale in Cairo | New Cairo City,8000000.0,72727,110,2,2,Installments,400000.0,Offplan,
Property Finder,Unknown,https://www.propertyfinder.eg/en/plp/buy/apartment-for-sale-cairo-new-cairo-city-hyde-park-garden-residence-113254076.html,RESALE Apartment with Garden - Under Market Price,Apartment,Resale,Apartments for sale in Cairo | New Cairo City,6074100.0,38201,159,3,3,Installments,,Offplan,
Property Finder,Unknown,https://www.propertyfinder.eg/en/plp/buy/apartment-for-sale-cairo-new-cairo-city-hyde-park-garden-residence-113254559.html,Apartment with Very Prime Location installment 10Y,Apartment,First Sale,Apartments for sale in Cairo | New Cairo City,11040000.0,81176,136,3,3,Installments,552000.0,Offplan,
Property Finder,Unknown,https://www.propertyfinder.eg/en/plp/buy/apartment-for-sale-cairo-new-cairo-city-hyde-park-garden-residence-113254646.html,Finished Apartment Ready To Move - Villas View,Apartment,Resale,Apartments for sale in Cairo | New Cairo City,9800000.0,51308,191,3,3,Installments,,Ready To Move,
Property Finder,Unknown,https://www.propertyfinder.eg/en/plp/buy/apartment-for-sale-cairo-new-cairo-city-hyde-park-garden-residence-113254839.html,Apartment with Prime Location installment 10 Years,Apartment,First Sale,Apartments for sale in Cairo | New Cairo City,11500000.0,62162,185,3,4,Installments,575000.0,Offplan,
Property Finder,Unknown,https://www.propertyfinder.eg/en/plp/buy/apartment-for-sale-cairo-new-cairo-city-hyde-park-garden-residence-113255651.html,APT Ready To Move - Smart Home - Prime Location,Apartment,Resale,Apartments for sale in Cairo | New Cairo City,13500000.0,75418,179,3,3,Installments,,Ready To Move,
Property Finder,Unknown,https://www.propertyfinder.eg/en/plp/buy/apartment-for-sale-cairo-new-cairo-city-hyde-park-garden-residence-113255877.html,Fully Finished Apartment With Installments 8 Year,Apartment,First Sale,Apartments for sale in Cairo | New Cairo City,17000000.0,105590,161,3,3,Installments,850000.0,Offplan,
Property Finder,Unknown,https://www.propertyfinder.eg/en/plp/buy/apartment-for-sale-cairo-new-cairo-city-hyde-park-garden-residence-113256206.html,RESALE Apartment With Very Prime Location,Apartment,Resale,Apartments for sale in Cairo | New Cairo City,7100000.0,49305,144,3,3,Installments,,Offplan,
Property Finder,Unknown,https://www.propertyfinder.eg/en/plp/buy/apartment-for-sale-cairo-new-cairo-city-hyde-park-garden-residence-113256387.html,Apartment Ready To Move Open View Prime Location,Apartment,Resale,Apartments for sale in Cairo | New Cairo City,7637000.0,44401,172,3,3,Installments,,Ready To Move,
Property Finder,Unknown,https://www.propertyfinder.eg/en/plp/buy/apartment-for-sale-cairo-new-cairo-city-hyde-park-garden-residence-113256462.html,Apartment 4BR Prime Location installment 10 Years,Apartment,First Sale,Apartments for sale in Cairo | New Cairo City,16470000.0,92528,178,4,3,Installments,823000.0,Offplan,
Property Finder,Unknown,https://www.propertyfinder.eg/en/plp/buy/apartment-for-sale-cairo-new-cairo-city-hyde-park-garden-residence-113256901.html,Apartment Finished with ACs - READY TO MOVE,Apartment,Resale,Apartments for sale in Cairo | New Cairo City,15700000.0,65416,240,3,3,Installments,,READY TO MOVE,
Property Finder,Unknown,https://www.propertyfinder.eg/en/plp/buy/apartment-for-sale-cairo-new-cairo-city-hyde-park-garden-residence-113256943.html,Apartment UNDER MARKET PRICE Ready To Move,Apartment,Resale,Apartments for sale in Cairo | New Cairo City,7500000.0,47770,157,3,3,Installments,,Ready To Move,
Property Finder,Unknown,https://www.propertyfinder.eg/en/plp/buy/apartment-for-sale-cairo-new-cairo-city-hyde-park-garden-residence-113257238.html,The Largest Apartment READY TO MOVE Special Price,Apartment,Resale,Apartments for sale in Cairo | New Cairo City,11800000.0,55140,214,3,3,Installments,,READY TO MOVE,
Property Finder,Unknown,https://www.propertyfinder.eg/en/plp/buy/apartment-for-sale-cairo-new-cairo-city-hyde-park-garden-residence-113259982.html,RESALE Apartment With Special Price Delivery 1Y,Apartment,Resale,Apartments for sale in Cairo | New Cairo City,4400000.0,61111,72,1,1,Installments,,Offplan,
Property Finder,Unknown,https://www.propertyfinder.eg/en/plp/buy/apartment-for-sale-cairo-new-cairo-city-hyde-park-garden-residence-113532653.html,Apartment READY TO MOVE best Price in Hyde Park,Apartment,,Apartments for sale in Cairo | New Cairo City,6920000.0,44076,157,3,3,Installments,,READY TO MOVE,
Property Finder,Unknown,https://www.propertyfinder.eg/en/plp/buy/apartment-for-sale-cairo-new-cairo-city-hyde-park-garden-residence-113532736.html,Park Corner Apartment for Sale in Hyde Park – NC,Apartment,Resale,Apartments for sale in Cairo | New Cairo City,11300000.0,56783,199,3,3,Cash,,Under Construction,
Property Finder,Unknown,https://www.propertyfinder.eg/en/plp/buy/apartment-for-sale-cairo-new-cairo-city-hyde-park-garden-residence-113538185.html,BestPrice Semi-Finished Apt 3BR 172m | Open View,Apartment,,Apartments for sale in Cairo | New Cairo City,8000000.0,46511,172,3,3,Cash,,Under Construction,
Property Finder,Unknown,https://www.propertyfinder.eg/en/plp/buy/apartment-for-sale-cairo-new-cairo-city-hyde-park-garden-residence-113539295.html,Apartment ready to move cheaper than a company,Apartment,First Sale,Apartments for sale in Cairo | New Cairo City,7400000.0,43529,170,3,3,Installments,350000.0,ready to move,
Property Finder,Unknown,https://www.propertyfinder.eg/en/plp/buy/apartment-for-sale-cairo-new-cairo-city-hyde-park-garden-residence-113823479.html,Delivered apartment wz installments view landscape,Apartment,,Apartments for sale in Cairo | New Cairo City,6900000.0,49285,140,2,3,Installments,,Under Construction,
Property Finder,Unknown,https://www.propertyfinder.eg/en/plp/buy/apartment-for-sale-cairo-new-cairo-city-hyde-park-garden-residence-113823500.html,Delivered apartment wz installments view landscape,Apartment,,Apartments for sale in Cairo | New Cairo City,9300000.0,48691,191,4,4,Installments,,Under Construction,
Property Finder,Unknown,https://www.propertyfinder.eg/en/plp/buy/apartment-for-sale-cairo-new-cairo-city-hyde-park-greens-113542865.html,Attractive Price Apartment For Sale At Hyde Park,Apartment,,Apartments for sale in Cairo | New Cairo City,13500000.0,75418,179,4,3,Cash,,Under Construction,
Property Finder,Unknown,https://www.propertyfinder.eg/en/plp/buy/apartment-for-sale-cairo-new-cairo-city-hyde-park-greens-113822416.html,PREMIUM APARTMENT AT HYDE PARK GREENS FOR SALE RTM,Apartment,Resale,Apartments for sale in Cairo | New Cairo City,5626000.0,49787,113,2,3,Cash,,Under Construction,
Property Finder,Unknown,https://www.propertyfinder.eg/en/plp/buy/apartment-for-sale-cairo-new-cairo-city-hyde-park-one-hyde-park-113257538.html,APT with Hyde Park - Special Price installment 10Y,Apartment,First Sale,Apartments for sale in Cairo | New Cairo City,11000000.0,64705,170,3,3,Installments,550000.0,Offplan,
Property Finder,Unknown,https://www.propertyfinder.eg/en/plp/buy/apartment-for-sale-cairo-new-cairo-city-hyde-park-one-hyde-park-113257654.html,Apartment with DP 395K ONLY - Very Prime Location,Apartment,First Sale,Apartments for sale in Cairo | New Cairo City,7900000.0,71818,110,2,2,Installments,395000.0,Offplan,
Property Finder,Unknown,https://www.propertyfinder.eg/en/plp/buy/apartment-for-sale-cairo-new-cairo-city-hyde-park-one-hyde-park-113263974.html,APT+Garden 5% D.P in One Hyde Park 5th Settlement,Apartment,First Sale,Apartments for sale in Cairo | New Cairo City,16830000.0,118521,142,3,2,Installments,,Offplan,
Property Finder,Unknown,https://www.propertyfinder.eg/en/plp/buy/apartment-for-sale-cairo-new-cairo-city-hyde-park-one-hyde-park-113546138.html,Hyde Park Park Corner Fully Furnished 2BR,Apartment,,Apartments for sale in Cairo | New Cairo City,13500000.0,100000,135,2,2,Cash,,Under Construction,15 October Asking
Property Finder,Unknown,https://www.propertyfinder.eg/en/plp/buy/apartment-for-sale-cairo-new-cairo-city-hyde-park-one-hyde-park-113831024.html,Dp 500k Own Apt 3-bed Installment 10y in hydepark,Apartment,First Sale,Apartments for sale in Cairo | New Cairo City,9900000.0,61875,160,3,3,Installments,495000.0,Offplan,
Property Finder,Unknown,https://www.propertyfinder.eg/en/plp/buy/apartment-for-sale-cairo-new-cairo-city-hyde-park-park-corner-113825950.html,apt 3beds RTM lowest DP and lowest price hyde park,Apartment,,Apartments for sale in Cairo | New Cairo City,9350000.0,59554,157,3,3,Installments,7750000.0,Under Construction,
Property Finder,Unknown,https://www.propertyfinder.eg/en/plp/buy/apartment-for-sale-cairo-new-cairo-city-mayan-new-cairo-113831028.html,Ready to move Apt FF Installment 10y next rehab,Apartment,First Sale,2 bedroom Apartments for sale in Mayan New Cairo | Apartments for sale in The 5th Settlement | 3 bedroom Apartments for sale in The 5th Settlement | 2 bedroom Apartments for sale in The 5th Settlement | Furnished Apartments for sale in The 5th Settlement,10700000.0,82307,130,3,3,Installments,1000000.0,Ready to move,
Property Finder,Unknown,https://www.propertyfinder.eg/en/plp/buy/apartment-for-sale-cairo-new-cairo-city-new-narges-aiangle-city-mall-113815194.html,A distinctive north-facing apartment ready to move,Apartment,First Sale,Apartments for sale in Cairo | New Cairo City,3800000.0,22352,170,3,2,Cash,,ready to move,
Property Finder,Unknown,https://www.propertyfinder.eg/en/plp/buy/apartment-for-sale-cairo-new-cairo-city-north-investors-area-cairo-festival-city-113253923.html,APT with Garden Fully Finished Prime Location,Apartment,,Apartments for sale in Cairo Festival City | 3 bedroom Apartments for sale in Cairo Festival City | 2 bedroom Apartments for sale in Cairo Festival City | Furnished Apartments for sale in Cairo Festival City | Furnished 3 bedroom Apartments for sale in Cairo Festival City,16000000.0,101910,157,3,3,Installments,,Ready To Move,
Property Finder,Unknown,https://www.propertyfinder.eg/en/plp/buy/apartment-for-sale-cairo-new-cairo-city-north-investors-area-cairo-festival-city-113253981.html,Fully Finished Apartment Ready To Move Open View,Apartment,,Apartments for sale in Cairo Festival City | 3 bedroom Apartments for sale in Cairo Festival City | 2 bedroom Apartments for sale in Cairo Festival City | Furnished Apartments for sale in Cairo Festival City | Furnished 3 bedroom Apartments for sale in Cairo Festival City,19200000.0,92307,208,3,3,Installments,,Ready To Move,
Property Finder,Unknown,https://www.propertyfinder.eg/en/plp/buy/apartment-for-sale-cairo-new-cairo-city-the-1st-settlement-creek-town-113530919.html,D.P 10% Ready To Move APT In Creek Town IL Cazar,Apartment,First Sale,Apartments for sale in Cairo | New Cairo City,11900000.0,72121,165,3,2,Installments,,Ready To Move,
Property Finder,Unknown,https://www.propertyfinder.eg/en/plp/buy/apartment-for-sale-cairo-new-cairo-city-the-5th-settlement-5th-settlement-compounds-amorada-new-cairo-113260094.html,Apartment Fully Furnished - Ready To Move,Apartment,First Sale,Apartments for sale in Amorada New Cairo | 3 bedroom Apartments for sale in Amorada New Cairo | Furnished Apartments for sale in Amorada New Cairo | Furnished 3 bedroom Apartments for sale in Amorada New Cairo | Apartments for sale in Palm Hills New Cairo,12500000.0,62189,201,3,3,Cash,,Ready To Move,
Property Finder,Unknown,https://www.propertyfinder.eg/en/plp/buy/apartment-for-sale-cairo-new-cairo-city-the-5th-settlement-5th-settlement-compounds-azad-113260901.html,RESALE Apartment With Garden Delivery 6 Months,Apartment,Resale,New Cairo City | The 5th Settlement | 5th Settlement Compounds | Properties for sale in Palm Hills New Cairo | Apartments for sale in Palm Hills New Cairo,10000000.0,52356,191,4,4,Installments,,Offplan,
Property Finder,Unknown,https://www.propertyfinder.eg/en/plp/buy/apartment-for-sale-cairo-new-cairo-city-the-5th-settlement-5th-settlement-compounds-begonia-113818311.html,Apartment 2BED Prime Location in Southern Investor,Apartment,First Sale,New Cairo City | The 5th Settlement | 5th Settlement Compounds | Properties for sale in Palm Hills New Cairo | Apartments for sale in Palm Hills New Cairo,4070000.0,45730,89,2,2,Cash,,Offplan,
Property Finder,Unknown,https://www.propertyfinder.eg/en/plp/buy/apartment-for-sale-cairo-new-cairo-city-the-5th-settlement-5th-settlement-compounds-city-gate-113253664.html,deliver your apartment fully finished - CITY GATE,Apartment,First Sale,New Cairo City | The 5th Settlement | 5th Settlement Compounds | Properties for sale in Palm Hills New Cairo | Apartments for sale in Palm Hills New Cairo,15390000.0,96187,160,3,3,Installments,769500.0,Offplan,
Property Finder,Unknown,https://www.propertyfinder.eg/en/plp/buy/apartment-for-sale-cairo-new-cairo-city-the-5th-settlement-5th-settlement-compounds-city-gate-113253735.html,only pay 5%with installments till 8years city gate,Apartment,First Sale,New Cairo City | The 5th Settlement | 5th Settlement Compounds | Properties for sale in Palm Hills New Cairo | Apartments for sale in Palm Hills New Cairo,10670000.0,99719,107,2,2,Installments,533500.0,Offplan,
Property Finder,Unknown,https://www.propertyfinder.eg/en/plp/buy/apartment-for-sale-cairo-new-cairo-city-the-5th-settlement-5th-settlement-compounds-city-gate-113253750.html,Opportunity From Diar Qatary With 5%DP Over 10 YRS,Apartment,First Sale,New Cairo City | The 5th Settlement | 5th Settlement Compounds | Properties for sale in Palm Hills New Cairo | Apartments for sale in Palm Hills New Cairo,8090000.0,90898,89,1,1,Installments,404500.0,Offplan,
Property Finder,Unknown,https://www.propertyfinder.eg/en/plp/buy/apartment-for-sale-cairo-new-cairo-city-the-5th-settlement-5th-settlement-compounds-city-gate-113253924.html,with lowest DP Apartment 225m sale City Gate,Apartment,,New Cairo City | The 5th Settlement | 5th Settlement Compounds | Properties for sale in Palm Hills New Cairo | Apartments for sale in Palm Hills New Cairo,17100000.0,76000,225,3,3,Installments,9400000.0,Under Construction,
Property Finder,Unknown,https://www.propertyfinder.eg/en/plp/buy/apartment-for-sale-cairo-new-cairo-city-the-5th-settlement-5th-settlement-compounds-city-gate-113254991.html,APT Fully Finished Prime Location Special Offer,Apartment,First Sale,New Cairo City | The 5th Settlement | 5th Settlement Compounds | Properties for sale in Palm Hills New Cairo | Apartments for sale in Palm Hills New Cairo,11000000.0,94827,116,2,2,Installments,555000.0,Offplan,
Property Finder,Unknown,https://www.propertyfinder.eg/en/plp/buy/apartment-for-sale-cairo-new-cairo-city-the-5th-settlement-5th-settlement-compounds-city-gate-113255031.html,Finished Apartment Special Price Prime Location,Apartment,First Sale,New Cairo City | The 5th Settlement | 5th Settlement Compounds | Properties for sale in Palm Hills New Cairo | Apartments for sale in Palm Hills New Cairo,16000000.0,100000,160,3,3,Installments,800000.0,Offplan,
Property Finder,Unknown,https://www.propertyfinder.eg/en/plp/buy/apartment-for-sale-cairo-new-cairo-city-the-5th-settlement-5th-settlement-compounds-city-gate-113261109.html,"Own finished apt with 400K D.P over 10Y, City Gate",Apartment,First Sale,New Cairo City | The 5th Settlement | 5th Settlement Compounds | Properties for sale in Palm Hills New Cairo | Apartments for sale in Palm Hills New Cairo,8000000.0,72727,110,2,2,Installments,,Offplan,
Property Finder,Unknown,https://www.propertyfinder.eg/en/plp/buy/apartment-for-sale-cairo-new-cairo-city-the-5th-settlement-5th-settlement-compounds-club-park-113830658.html,FF Apt Ready to move Resale with best price,Apartment,Resale,New Cairo City | The 5th Settlement | 5th Settlement Compounds | Properties for sale in Palm Hills New Cairo | Apartments for sale in Palm Hills New Cairo,8100000.0,49090,165,3,3,Cash,,Ready to move,
Property Finder,Unknown,https://www.propertyfinder.eg/en/plp/buy/apartment-for-sale-cairo-new-cairo-city-the-5th-settlement-5th-settlement-compounds-club-park-114082754.html,Apt 3-bed + garden 235m ready to move,Apartment,Resale,Apartments for sale in Cairo | New Cairo City | The 5th Settlement | 5th Settlement Compounds,8500000.0,36170,235,3,3,Cash,,ready to move,
Property Finder,Unknown,https://www.propertyfinder.eg/en/plp/buy/apartment-for-sale-cairo-new-cairo-city-the-5th-settlement-5th-settlement-compounds-crescent-walk-113817614.html,2 + Bedroom Apartment in Crescent Walk,Apartment,,New Cairo City | The 5th Settlement | 5th Settlement Compounds | Properties for sale in Palm Hills New Cairo | Apartments for sale in Palm Hills New Cairo,16098057.0,115813,139,2,3,Installments,3016857.0,Offplan,
Property Finder,Unknown,https://www.propertyfinder.eg/en/plp/buy/apartment-for-sale-cairo-new-cairo-city-the-5th-settlement-5th-settlement-compounds-district-5-112976386.html,Apartment 3 bedrooms in district 5 lowest price,Apartment,,New Cairo City | The 5th Settlement | 5th Settlement Compounds | Properties for sale in Palm Hills New Cairo | Apartments for sale in Palm Hills New Cairo,10000000.0,53763,186,3,3,Cash,,Offplan,
Property Finder,Unknown,https://www.propertyfinder.eg/en/plp/buy/apartment-for-sale-cairo-new-cairo-city-the-5th-settlement-5th-settlement-compounds-district-5-113254400.html,APT Ready To Move - Prime Location - Special Price,Apartment,First Sale,New Cairo City | The 5th Settlement | 5th Settlement Compounds | Properties for sale in Palm Hills New Cairo | Apartments for sale in Palm Hills New Cairo,13752700.0,83857,164,3,3,Installments,,Ready To Move,
Property Finder,Unknown,https://www.propertyfinder.eg/en/plp/buy/apartment-for-sale-cairo-new-cairo-city-the-5th-settlement-5th-settlement-compounds-district-5-113256072.html,Apartment Ready To Move - Under Market Price,Apartment,First Sale,New Cairo City | The 5th Settlement | 5th Settlement Compounds | Properties for sale in Palm Hills New Cairo | Apartments for sale in Palm Hills New Cairo,9989000.0,76838,130,2,3,Cash,,Ready To Move,
Property Finder,Unknown,https://www.propertyfinder.eg/en/plp/buy/apartment-for-sale-cairo-new-cairo-city-the-5th-settlement-5th-settlement-compounds-district-5-113260925.html,The Last Standalone Apartment - DISCOUNT 36%,Apartment,First Sale,New Cairo City | The 5th Settlement | 5th Settlement Compounds | Properties for sale in Palm Hills New Cairo | Apartments for sale in Palm Hills New Cairo,16576000.0,77097,215,3,4,Cash,,Offplan,
Property Finder,Unknown,https://www.propertyfinder.eg/en/plp/buy/apartment-for-sale-cairo-new-cairo-city-the-5th-settlement-5th-settlement-compounds-district-5-113537752.html,Apartment For Sale District 5 New Cairo Ready,Apartment,,New Cairo City | The 5th Settlement | 5th Settlement Compounds | Properties for sale in Palm Hills New Cairo | Apartments for sale in Palm Hills New Cairo,14000000.0,66666,210,3,3,Cash,,ready to move,
Property Finder,Unknown,https://www.propertyfinder.eg/en/plp/buy/apartment-for-sale-cairo-new-cairo-city-the-5th-settlement-5th-settlement-compounds-eastown-113254788.html,Apartment Resale Fully Finished Ready To Move,Apartment,Resale,New Cairo City | The 5th Settlement | 5th Settlement Compounds | Properties for sale in Palm Hills New Cairo | Apartments for sale in Palm Hills New Cairo,12600000.0,84000,150,2,3,Cash,,Ready To Move,
Property Finder,Unknown,https://www.propertyfinder.eg/en/plp/buy/apartment-for-sale-cairo-new-cairo-city-the-5th-settlement-5th-settlement-compounds-eastown-113255605.html,RESALE Apartment With Prime Location Special Price,Apartment,Resale,New Cairo City | The 5th Settlement | 5th Settlement Compounds | Properties for sale in Palm Hills New Cairo | Apartments for sale in Palm Hills New Cairo,14000000.0,66350,211,3,3,Cash,,Ready to Move,
Property Finder,Unknown,https://www.propertyfinder.eg/en/plp/buy/apartment-for-sale-cairo-new-cairo-city-the-5th-settlement-5th-settlement-compounds-eastown-113255941.html,Apartment FULLY FINISHED with Very Special Price,Apartment,Resale,New Cairo City | The 5th Settlement | 5th Settlement Compounds | Properties for sale in Palm Hills New Cairo | Apartments for sale in Palm Hills New Cairo,12500000.0,80128,156,2,3,Cash,,Ready to Move,
Property Finder,Unknown,https://www.propertyfinder.eg/en/plp/buy/apartment-for-sale-cairo-new-cairo-city-the-5th-settlement-5th-settlement-compounds-eastown-113256202.html,APT Fully Finished with ACs with installment 9Y,Apartment,First Sale,New Cairo City | The 5th Settlement | 5th Settlement Compounds | Properties for sale in Palm Hills New Cairo | Apartments for sale in Palm Hills New Cairo,14200000.0,100709,141,2,3,Installments,710000.0,Offplan,
Property Finder,Unknown,https://www.propertyfinder.eg/en/plp/buy/apartment-for-sale-cairo-new-cairo-city-the-5th-settlement-5th-settlement-compounds-eastown-113256270.html,APT RESALE With Prime Location Fully Finished,Apartment,Resale,New Cairo City | The 5th Settlement | 5th Settlement Compounds | Properties for sale in Palm Hills New Cairo | Apartments for sale in Palm Hills New Cairo,18500000.0,84862,218,3,3,Cash,,Ready to Move,
Property Finder,Unknown,https://www.propertyfinder.eg/en/plp/buy/apartment-for-sale-cairo-new-cairo-city-the-5th-settlement-5th-settlement-compounds-eastown-113258038.html,Prime location APT Finished With Ac's & kitchen,Apartment,Resale,New Cairo City | The 5th Settlement | 5th Settlement Compounds | Properties for sale in Palm Hills New Cairo | Apartments for sale in Palm Hills New Cairo,22000000.0,116402,189,3,3,Cash,,Under Construction,
Property Finder,Unknown,https://www.propertyfinder.eg/en/plp/buy/apartment-for-sale-cairo-new-cairo-city-the-5th-settlement-5th-settlement-compounds-eastown-113262190.html,Limited Larg apartment lowest price in esatown,Apartment,Resale,New Cairo City | The 5th Settlement | 5th Settlement Compounds | Properties for sale in Palm Hills New Cairo | Apartments for sale in Palm Hills New Cairo,21000000.0,75539,278,3,4,Cash,,Under Construction,
Property Finder,Unknown,https://www.propertyfinder.eg/en/plp/buy/apartment-for-sale-cairo-new-cairo-city-the-5th-settlement-5th-settlement-compounds-eastown-113265180.html,Must-see apartment for a great price ready to move,Apartment,,New Cairo City | The 5th Settlement | 5th Settlement Compounds | Properties for sale in Palm Hills New Cairo | Apartments for sale in Palm Hills New Cairo,14250000.0,67535,211,3,3,Cash,,ready to move,
Property Finder,Unknown,https://www.propertyfinder.eg/en/plp/buy/apartment-for-sale-cairo-new-cairo-city-the-5th-settlement-5th-settlement-compounds-eastown-113525870.html,Eastown Furnished With All The Electric Appliances,Apartment,,New Cairo City | The 5th Settlement | 5th Settlement Compounds | Properties for sale in Palm Hills New Cairo | Apartments for sale in Palm Hills New Cairo,18000000.0,85714,210,2,3,Cash,,Under Construction,
Property Finder,Unknown,https://www.propertyfinder.eg/en/plp/buy/apartment-for-sale-cairo-new-cairo-city-the-5th-settlement-5th-settlement-compounds-eastown-113820992.html,EXCLUSIVE Apartment 240m Fully Finished in Eastown,Apartment,,New Cairo City | The 5th Settlement | 5th Settlement Compounds | Properties for sale in Palm Hills New Cairo | Apartments for sale in Palm Hills New Cairo,17500000.0,71428,245,3,3,Cash,,Ready To Move,
Property Finder,Unknown,https://www.propertyfinder.eg/en/plp/buy/apartment-for-sale-cairo-new-cairo-city-the-5th-settlement-5th-settlement-compounds-eastown-113821074.html,278 the lowest price on the market Fully Finished,Apartment,,New Cairo City | The 5th Settlement | 5th Settlement Compounds | Properties for sale in Palm Hills New Cairo | Apartments for sale in Palm Hills New Cairo,20500000.0,73741,278,3,2,Cash,,Under Construction,
Property Finder,Unknown,https://www.propertyfinder.eg/en/plp/buy/apartment-for-sale-cairo-new-cairo-city-the-5th-settlement-5th-settlement-compounds-el-patio-7-114086193.html,RTM 164 sqm garden apt in New Cairo installments,Apartment,First Sale,Apartments for sale in Cairo | New Cairo City | The 5th Settlement | 5th Settlement Compounds,3500000.0,21341,164,3,3,Installments,,,
Property Finder,Unknown,https://www.propertyfinder.eg/en/plp/buy/apartment-for-sale-cairo-new-cairo-city-the-5th-settlement-5th-settlement-compounds-el-patio-oro-113256004.html,RESALE Apartment Under Market Price |Ready To Move,Apartment,Resale,New Cairo City | The 5th Settlement | 5th Settlement Compounds | Properties for sale in Palm Hills New Cairo | Apartments for sale in Palm Hills New Cairo,10500000.0,63636,165,3,3,Cash,,Ready To Move,
Property Finder,Unknown,https://www.propertyfinder.eg/en/plp/buy/apartment-for-sale-cairo-new-cairo-city-the-5th-settlement-5th-settlement-compounds-el-patio-oro-113256102.html,lowest price apt resale ready to move prime loc,Apartment,Resale,New Cairo City | The 5th Settlement | 5th Settlement Compounds | Properties for sale in Palm Hills New Cairo | Apartments for sale in Palm Hills New Cairo,9500000.0,57926,164,3,2,Cash,,ready to move,
Property Finder,Unknown,https://www.propertyfinder.eg/en/plp/buy/apartment-for-sale-cairo-new-cairo-city-the-5th-settlement-5th-settlement-compounds-el-patio-oro-113256515.html,Rare unit - water features view - fully finished,Apartment,,New Cairo City | The 5th Settlement | 5th Settlement Compounds | Properties for sale in Palm Hills New Cairo | Apartments for sale in Palm Hills New Cairo,12000000.0,73170,164,3,2,Cash,,Ready to Move,
Property Finder,Unknown,https://www.propertyfinder.eg/en/plp/buy/apartment-for-sale-cairo-new-cairo-city-the-5th-settlement-5th-settlement-compounds-el-patio-oro-113523422.html,Prime location open view landscape - market price,Apartment,,New Cairo City | The 5th Settlement | 5th Settlement Compounds | Properties for sale in Palm Hills New Cairo | Apartments for sale in Palm Hills New Cairo,8300000.0,50609,164,3,2,Installments,,,
Property Finder,Unknown,https://www.propertyfinder.eg/en/plp/buy/apartment-for-sale-cairo-new-cairo-city-the-5th-settlement-5th-settlement-compounds-el-patio-oro-113815393.html,Garden Apartment Sale In Patio Oro New Cairo,Apartment,,New Cairo City | The 5th Settlement | 5th Settlement Compounds | Properties for sale in Palm Hills New Cairo | Apartments for sale in Palm Hills New Cairo,10500000.0,60344,174,3,3,Cash,,,
Property Finder,Unknown,https://www.propertyfinder.eg/en/plp/buy/apartment-for-sale-cairo-new-cairo-city-the-5th-settlement-5th-settlement-compounds-el-patio-oro-113822178.html,BestPrice 2 beds patio oro best location on lake,Apartment,,New Cairo City | The 5th Settlement | 5th Settlement Compounds | Properties for sale in Palm Hills New Cairo | Apartments for sale in Palm Hills New Cairo,7500000.0,58593,128,2,2,Cash,,ready to move,
Property Finder,Unknown,https://www.propertyfinder.eg/en/plp/buy/apartment-for-sale-cairo-new-cairo-city-the-5th-settlement-5th-settlement-compounds-el-patio-oro-114084354.html,Finished Apartment 164 sqm El Patio Oro New Cairo,Apartment,First Sale,Apartments for sale in Cairo | New Cairo City | The 5th Settlement | 5th Settlement Compounds,3500000.0,21341,164,3,3,Cash,,Ready,
Property Finder,Unknown,https://www.propertyfinder.eg/en/plp/buy/apartment-for-sale-cairo-new-cairo-city-the-5th-settlement-5th-settlement-compounds-el-patio-oro-114084806.html,Garden Apartment | 164 SQM | PATIO ORO New Cairo,Apartment,First Sale,Apartments for sale in Cairo | New Cairo City | The 5th Settlement | 5th Settlement Compounds,3000000.0,18292,164,3,3,Installments,,,
Property Finder,Unknown,https://www.propertyfinder.eg/en/plp/buy/apartment-for-sale-cairo-new-cairo-city-the-5th-settlement-5th-settlement-compounds-ivoire-east-113830912.html,Dp 650k Own Apt 165m Installment 12y next Solana,Apartment,First Sale,New Cairo City | The 5th Settlement | 5th Settlement Compounds | Properties for sale in Palm Hills New Cairo | Apartments for sale in Palm Hills New Cairo,13000000.0,78787,165,3,3,Installments,650000.0,Offplan,
Property Finder,Unknown,https://www.propertyfinder.eg/en/plp/buy/apartment-for-sale-cairo-new-cairo-city-the-5th-settlement-5th-settlement-compounds-ivoire-east-114082654.html,Dp 290k Own Apt FF+Ac's+ smart syst Installment 8y,Apartment,First Sale,New Cairo City | The 5th Settlement | 5th Settlement Compounds | Properties for sale in Palm Hills New Cairo | Apartments for sale in Palm Hills New Cairo,5800000.0,72500,80,1,1,Installments,300000.0,Offplan,
Property Finder,Unknown,https://www.propertyfinder.eg/en/plp/buy/apartment-for-sale-cairo-new-cairo-city-the-5th-settlement-5th-settlement-compounds-jayd-residence-113537128.html,"Prime location apt, delivery 2027 + INST 10Y- Jayd",Apartment,First Sale,New Cairo City | The 5th Settlement | 5th Settlement Compounds | Properties for sale in Palm Hills New Cairo | Apartments for sale in Palm Hills New Cairo,12000000.0,80000,150,3,3,Installments,,Under Construction,
Property Finder,Unknown,https://www.propertyfinder.eg/en/plp/buy/apartment-for-sale-cairo-new-cairo-city-the-5th-settlement-5th-settlement-compounds-lake-view-residence-113807019.html,"Furnished apartment for sale prime location LVR,",Apartment,,New Cairo City | The 5th Settlement | 5th Settlement Compounds | Properties for sale in Palm Hills New Cairo | Apartments for sale in Palm Hills New Cairo,14700000.0,102083,144,2,2,Cash,,,
Property Finder,Unknown,https://www.propertyfinder.eg/en/plp/buy/apartment-for-sale-cairo-new-cairo-city-the-5th-settlement-5th-settlement-compounds-lake-view-residence-2-113259686.html,best location for 2bed at lakeview2 with lowest p,Apartment,,New Cairo City | The 5th Settlement | 5th Settlement Compounds | Properties for sale in Palm Hills New Cairo | Apartments for sale in Palm Hills New Cairo,9448000.0,72122,131,2,2,Installments,5700000.0,,
Property Finder,Unknown,https://www.propertyfinder.eg/en/plp/buy/apartment-for-sale-cairo-new-cairo-city-the-5th-settlement-5th-settlement-compounds-lake-view-residence-2-113260129.html,For resale apartment 181m / Installments Lakeview,Apartment,Resale,New Cairo City | The 5th Settlement | 5th Settlement Compounds | Properties for sale in Palm Hills New Cairo | Apartments for sale in Palm Hills New Cairo,7960000.0,43977,181,3,3,Installments,,Offplan,
Property Finder,Unknown,https://www.propertyfinder.eg/en/plp/buy/apartment-for-sale-cairo-new-cairo-city-the-5th-settlement-5th-settlement-compounds-mivida-113258735.html,Apartment for Sale In Emaar Mivida Fully Furnished,Apartment,,New Cairo City | The 5th Settlement | 5th Settlement Compounds | Properties for sale in Palm Hills New Cairo | Apartments for sale in Palm Hills New Cairo,12000000.0,141176,85,1,1,Cash,,,
Property Finder,Unknown,https://www.propertyfinder.eg/en/plp/buy/apartment-for-sale-cairo-new-cairo-city-the-5th-settlement-5th-settlement-compounds-mivida-113532213.html,Apartment for Sale in Mivida Fully finished,Apartment,,New Cairo City | The 5th Settlement | 5th Settlement Compounds | Properties for sale in Palm Hills New Cairo | Apartments for sale in Palm Hills New Cairo,17800000.0,129927,137,2,2,Installments,15184560.0,,
Property Finder,Unknown,https://www.propertyfinder.eg/en/plp/buy/apartment-for-sale-cairo-new-cairo-city-the-5th-settlement-5th-settlement-compounds-mivida-113824057.html,Luxury Hotel Apartment With All Services Included,Apartment,First Sale,New Cairo City | The 5th Settlement | 5th Settlement Compounds | Properties for sale in Palm Hills New Cairo | Apartments for sale in Palm Hills New Cairo,17000000.0,121428,140,3,3,Installments,850000.0,Offplan,
Property Finder,Unknown,https://www.propertyfinder.eg/en/plp/buy/apartment-for-sale-cairo-new-cairo-city-the-5th-settlement-5th-settlement-compounds-mivida-113824208.html,Cheapest 4 bed Apartment in mivida!!,Apartment,,New Cairo City | The 5th Settlement | 5th Settlement Compounds | Properties for sale in Palm Hills New Cairo | Apartments for sale in Palm Hills New Cairo,29000000.0,120833,240,4,3,Cash,,,
Property Finder,Unknown,https://www.propertyfinder.eg/en/plp/buy/apartment-for-sale-cairo-new-cairo-city-the-5th-settlement-5th-settlement-compounds-mivida-113824501.html,BESTPRICE 200m2 FullyFinished 3BR BestView -Mivida,Apartment,,New Cairo City | The 5th Settlement | 5th Settlement Compounds | Properties for sale in Palm Hills New Cairo | Apartments for sale in Palm Hills New Cairo,18000000.0,90000,200,3,3,Cash,,Ready To Move,
Property Finder,Unknown,https://www.propertyfinder.eg/en/plp/buy/apartment-for-sale-cairo-new-cairo-city-the-5th-settlement-5th-settlement-compounds-mountain-view-1-1-113528922.html,RTM Fully Finished APT 10%D.P in Mountain View 1.1,Apartment,First Sale,New Cairo City | The 5th Settlement | 5th Settlement Compounds | Properties for sale in Palm Hills New Cairo | Apartments for sale in Palm Hills New Cairo,14500000.0,103571,140,3,2,Installments,,Ready To Move,
Property Finder,Unknown,https://www.propertyfinder.eg/en/plp/buy/apartment-for-sale-cairo-new-cairo-city-the-5th-settlement-5th-settlement-compounds-mountain-view-hyde-park-113254367.html,Apartment READY TO MOVE with Very Special Price,Apartment,Resale,New Cairo City | The 5th Settlement | 5th Settlement Compounds | Properties for sale in Palm Hills New Cairo | Apartments for sale in Palm Hills New Cairo,9500000.0,54913,173,3,3,Cash,,READY TO MOVE,
Property Finder,Unknown,https://www.propertyfinder.eg/en/plp/buy/apartment-for-sale-cairo-new-cairo-city-the-5th-settlement-5th-settlement-compounds-mountain-view-hyde-park-113254557.html,APT Fully Finished Prime Location Special Price,Apartment,Resale,New Cairo City | The 5th Settlement | 5th Settlement Compounds | Properties for sale in Palm Hills New Cairo | Apartments for sale in Palm Hills New Cairo,15100000.0,72596,208,3,3,Cash,,READY TO MOVE,
Property Finder,Unknown,https://www.propertyfinder.eg/en/plp/buy/apartment-for-sale-cairo-new-cairo-city-the-5th-settlement-5th-settlement-compounds-mountain-view-hyde-park-113254710.html,Penthouse Ready To Move Prime Location Best View,Apartment,Resale,New Cairo City | The 5th Settlement | 5th Settlement Compounds | Properties for sale in Palm Hills New Cairo | Apartments for sale in Palm Hills New Cairo,9500000.0,56547,168,2,3,Cash,,Ready To Move,
Property Finder,Unknown,https://www.propertyfinder.eg/en/plp/buy/apartment-for-sale-cairo-new-cairo-city-the-5th-settlement-5th-settlement-compounds-mountain-view-hyde-park-113819763.html,Corner Apartment Deal Below Market Price Hyde Park,Apartment,Resale,New Cairo City | The 5th Settlement | 5th Settlement Compounds | Properties for sale in Palm Hills New Cairo | Apartments for sale in Palm Hills New Cairo,10400000.0,64596,161,3,1,Cash,,,
Property Finder,Unknown,https://www.propertyfinder.eg/en/plp/buy/apartment-for-sale-cairo-new-cairo-city-the-5th-settlement-5th-settlement-compounds-mountain-view-icity-113254276.html,APT Ready To Move - Prime Location - Villas View,Apartment,Resale,New Cairo City | The 5th Settlement | 5th Settlement Compounds | Properties for sale in Palm Hills New Cairo | Apartments for sale in Palm Hills New Cairo,6400000.0,38787,165,3,3,Installments,,Ready To Move,
Property Finder,Unknown,https://www.propertyfinder.eg/en/plp/buy/apartment-for-sale-cairo-new-cairo-city-the-5th-settlement-5th-settlement-compounds-mountain-view-icity-113254342.html,Corner APT with Very Prime View Ready To Move,Apartment,,New Cairo City | The 5th Settlement | 5th Settlement Compounds | Properties for sale in Palm Hills New Cairo | Apartments for sale in Palm Hills New Cairo,7200000.0,42352,170,3,3,Installments,,Ready To Move,
Property Finder,Unknown,https://www.propertyfinder.eg/en/plp/buy/apartment-for-sale-cairo-new-cairo-city-the-5th-settlement-5th-settlement-compounds-mountain-view-icity-113254418.html,RESALE Apartment Fully Finished - Ready To Move,Apartment,Resale,New Cairo City | The 5th Settlement | 5th Settlement Compounds | Properties for sale in Palm Hills New Cairo | Apartments for sale in Palm Hills New Cairo,9040000.0,53176,170,3,3,Installments,,Ready To Move,
Property Finder,Unknown,https://www.propertyfinder.eg/en/plp/buy/apartment-for-sale-cairo-new-cairo-city-the-5th-settlement-5th-settlement-compounds-mountain-view-icity-113255317.html,RESALE Apartment With Lowest Price Ready To Move,Apartment,Resale,New Cairo City | The 5th Settlement | 5th Settlement Compounds | Properties for sale in Palm Hills New Cairo | Apartments for sale in Palm Hills New Cairo,6500000.0,41935,155,3,3,Installments,,Ready To Move,
Property Finder,Unknown,https://www.propertyfinder.eg/en/plp/buy/apartment-for-sale-cairo-new-cairo-city-the-5th-settlement-5th-settlement-compounds-mountain-view-icity-113258301.html,Lowest price apartment RTM for resale - M.V I City,Apartment,Resale,New Cairo City | The 5th Settlement | 5th Settlement Compounds | Properties for sale in Palm Hills New Cairo | Apartments for sale in Palm Hills New Cairo,6500000.0,46428,140,2,3,Cash,,ready to move,
Property Finder,Unknown,https://www.propertyfinder.eg/en/plp/buy/apartment-for-sale-cairo-new-cairo-city-the-5th-settlement-5th-settlement-compounds-mountain-view-icity-113532441.html,Own a 2Bed Apt in mountain view i city new cairo,Apartment,First Sale,New Cairo City | The 5th Settlement | 5th Settlement Compounds | Properties for sale in Palm Hills New Cairo | Apartments for sale in Palm Hills New Cairo,3000000.0,21428,140,2,2,Installments,20.0,Under Construction,
Property Finder,Unknown,https://www.propertyfinder.eg/en/plp/buy/apartment-for-sale-cairo-new-cairo-city-the-5th-settlement-5th-settlement-compounds-mountain-view-icity-113535278.html,Apartment for Sale iniCity New Cairo-club park,Apartment,,New Cairo City | The 5th Settlement | 5th Settlement Compounds | Properties for sale in Palm Hills New Cairo | Apartments for sale in Palm Hills New Cairo,8500000.0,47222,180,3,3,Cash,,Under Construction,
Property Finder,Unknown,https://www.propertyfinder.eg/en/plp/buy/apartment-for-sale-cairo-new-cairo-city-the-5th-settlement-5th-settlement-compounds-mountain-view-icity-113538814.html,Ground floor apartment for sale in Mountain View,Apartment,,New Cairo City | The 5th Settlement | 5th Settlement Compounds | Properties for sale in Palm Hills New Cairo | Apartments for sale in Palm Hills New Cairo,8374668.0,57756,145,3,3,Cash,,Offplan,
Property Finder,Unknown,https://www.propertyfinder.eg/en/plp/buy/apartment-for-sale-cairo-new-cairo-city-the-5th-settlement-5th-settlement-compounds-mountain-view-icity-113831345.html,"3Bedroom Corner Apartment with Garden, 5% Down pay",Apartment,First Sale,New Cairo City | The 5th Settlement | 5th Settlement Compounds | Properties for sale in Palm Hills New Cairo | Apartments for sale in Palm Hills New Cairo,17000000.0,100000,170,3,3,Installments,5.0,Under Construction,
Property Finder,Unknown,https://www.propertyfinder.eg/en/plp/buy/apartment-for-sale-cairo-new-cairo-city-the-5th-settlement-5th-settlement-compounds-mountain-view-icity-114082631.html,180 sqm Corner Apartment with Direct Lagoon View,Apartment,,New Cairo City | The 5th Settlement | 5th Settlement Compounds | Properties for sale in Palm Hills New Cairo | Apartments for sale in Palm Hills New Cairo,7000000.0,38888,180,3,3,Cash,,Under Construction,
Property Finder,Unknown,https://www.propertyfinder.eg/en/plp/buy/apartment-for-sale-cairo-new-cairo-city-the-5th-settlement-5th-settlement-compounds-mountain-view-icity-114082660.html,Ready To Move 3Bedrooms Apartment - Prime Location,Apartment,Resale,New Cairo City | The 5th Settlement | 5th Settlement Compounds | Properties for sale in Palm Hills New Cairo | Apartments for sale in Palm Hills New Cairo,6000000.0,36363,165,3,3,Cash,,Ready To Move,
Property Finder,Unknown,https://www.propertyfinder.eg/en/plp/buy/apartment-for-sale-cairo-new-cairo-city-the-5th-settlement-5th-settlement-compounds-mountain-view-icity-114084624.html,Private Garden | 170 SQM | Mountain View iCity,Apartment,First Sale,Apartments for sale in Cairo | New Cairo City | The 5th Settlement | 5th Settlement Compounds,4300000.0,25294,170,3,3,Installments,,Ready,
Property Finder,Unknown,https://www.propertyfinder.eg/en/plp/buy/apartment-for-sale-cairo-new-cairo-city-the-5th-settlement-5th-settlement-compounds-palm-hills-new-cairo-113257042.html,APT with Garden READY TO MOVE under market price,Apartment,Resale,Apartments for sale in Palm Hills New Cairo | 3 bedroom Apartments for sale in Palm Hills New Cairo | 2 bedroom Apartments for sale in Palm Hills New Cairo | 1 bedroom Apartments for sale in Palm Hills New Cairo | Studio Apartments for sale in Palm Hills New Cairo,13500000.0,67500,200,3,3,Cash,,READY TO MOVE,
Property Finder,Unknown,https://www.propertyfinder.eg/en/plp/buy/apartment-for-sale-cairo-new-cairo-city-the-5th-settlement-5th-settlement-compounds-palm-hills-new-cairo-113533173.html,"Apartment +garden for sale in Palm Hills,New Cairo",Apartment,,Apartments for sale in Palm Hills New Cairo | 2 bedroom Apartments for sale in Palm Hills New Cairo | 4 bedroom Apartments for sale in Palm Hills New Cairo | 1 bedroom Apartments for sale in Palm Hills New Cairo | Studio Apartments for sale in Palm Hills New Cairo,8900000.0,59731,149,2,3,Installments,8400000.0,,
Property Finder,Unknown,https://www.propertyfinder.eg/en/plp/buy/apartment-for-sale-cairo-new-cairo-city-the-5th-settlement-5th-settlement-compounds-palm-hills-new-cairo-113819140.html,Ultra Luxury I Fully Finished I Great View,Apartment,Resale,Apartments for sale in Palm Hills New Cairo | 3 bedroom Apartments for sale in Palm Hills New Cairo | 2 bedroom Apartments for sale in Palm Hills New Cairo | 1 bedroom Apartments for sale in Palm Hills New Cairo | Studio Apartments for sale in Palm Hills New Cairo,7850000.0,50974,154,3,3,Installments,80000.0,Offplan,
Property Finder,Unknown,https://www.propertyfinder.eg/en/plp/buy/apartment-for-sale-cairo-new-cairo-city-the-5th-settlement-5th-settlement-compounds-palm-hills-new-cairo-113820212.html,Lowest Price 3 Bedrooms ready to move,Apartment,,Apartments for sale in Palm Hills New Cairo | 3 bedroom Apartments for sale in Palm Hills New Cairo | 2 bedroom Apartments for sale in Palm Hills New Cairo | 1 bedroom Apartments for sale in Palm Hills New Cairo | Studio Apartments for sale in Palm Hills New Cairo,10300000.0,56284,183,3,3,Cash,,ready to move,
Property Finder,Unknown,https://www.propertyfinder.eg/en/plp/buy/apartment-for-sale-cairo-new-cairo-city-the-5th-settlement-5th-settlement-compounds-palm-hills-new-cairo-113821168.html,Bedroom Apartment for Sale in PHNC Cleo – Lagoon,Apartment,Resale,Apartments for sale in Palm Hills New Cairo | 3 bedroom Apartments for sale in Palm Hills New Cairo | 4 bedroom Apartments for sale in Palm Hills New Cairo | 1 bedroom Apartments for sale in Palm Hills New Cairo | Studio Apartments for sale in Palm Hills New Cairo,3043431.0,43477,70,1,1,Installments,,,
Property Finder,Unknown,https://www.propertyfinder.eg/en/plp/buy/apartment-for-sale-cairo-new-cairo-city-the-5th-settlement-5th-settlement-compounds-palm-hills-new-cairo-113823125.html,FINISHED STUDIO WITH GARDEN 72 SQM PALM HILLS,Apartment,Resale,Apartments for sale in Palm Hills New Cairo | 3 bedroom Apartments for sale in Palm Hills New Cairo | 2 bedroom Apartments for sale in Palm Hills New Cairo | 4 bedroom Apartments for sale in Palm Hills New Cairo | Studio Apartments for sale in Palm Hills New Cairo,7300000.0,101388,72,,1,Installments,5100000.0,,
Property Finder,Unknown,https://www.propertyfinder.eg/en/plp/buy/apartment-for-sale-cairo-new-cairo-city-the-5th-settlement-5th-settlement-compounds-palm-hills-new-cairo-113823141.html,apartment 155m view landscape fully finished,Apartment,,Apartments for sale in Palm Hills New Cairo | 3 bedroom Apartments for sale in Palm Hills New Cairo | 2 bedroom Apartments for sale in Palm Hills New Cairo | 1 bedroom Apartments for sale in Palm Hills New Cairo | Studio Apartments for sale in Palm Hills New Cairo,10000000.0,64516,155,3,3,Cash,,,
Property Finder,Unknown,https://www.propertyfinder.eg/en/plp/buy/apartment-for-sale-cairo-new-cairo-city-the-5th-settlement-5th-settlement-compounds-palm-hills-new-cairo-113826252.html,Best Price in Market Apt 150m with Garden 60m,Apartment,Resale,Apartments for sale in Palm Hills New Cairo | 2 bedroom Apartments for sale in Palm Hills New Cairo | 4 bedroom Apartments for sale in Palm Hills New Cairo | 1 bedroom Apartments for sale in Palm Hills New Cairo | Studio Apartments for sale in Palm Hills New Cairo,8400000.0,56000,150,2,3,Cash,,Ready to Move,
Property Finder,Unknown,https://www.propertyfinder.eg/en/plp/buy/apartment-for-sale-cairo-new-cairo-city-the-5th-settlement-5th-settlement-compounds-palm-hills-new-cairo-113826986.html,3bd fully finished early delivery installment 10y,Apartment,First Sale,Apartments for sale in Palm Hills New Cairo | 3 bedroom Apartments for sale in Palm Hills New Cairo | 2 bedroom Apartments for sale in Palm Hills New Cairo | 1 bedroom Apartments for sale in Palm Hills New Cairo | Studio Apartments for sale in Palm Hills New Cairo,15000000.0,88235,170,3,3,Installments,3.0,Offplan,
Property Finder,Unknown,https://www.propertyfinder.eg/en/plp/buy/apartment-for-sale-cairo-new-cairo-city-the-5th-settlement-5th-settlement-compounds-palm-hills-new-cairo-114084680.html,Prime Apartment | 3 BR | Palm Hills New Cairo,Apartment,First Sale,Apartments for sale in Cairo | New Cairo City | The 5th Settlement | 5th Settlement Compounds | Palm Hills New Cairo,3000000.0,17441,172,3,3,Installments,,,
Property Finder,Unknown,https://www.propertyfinder.eg/en/plp/buy/apartment-for-sale-cairo-new-cairo-city-the-5th-settlement-5th-settlement-compounds-promenade-new-cairo-113253568.html,Apartment READY TO MOVE With Prime Location,Apartment,,3 bedroom Penthouses for sale in Promenade New Cairo | Properties for sale in Palm Hills New Cairo | Apartments for sale in Promenade New Cairo | 3 bedroom Apartments for sale in Promenade New Cairo | Apartments for sale in Palm Hills New Cairo,7700000.0,34222,225,3,3,Installments,,READY TO MOVE,
Property Finder,Unknown,https://www.propertyfinder.eg/en/plp/buy/apartment-for-sale-cairo-new-cairo-city-the-5th-settlement-5th-settlement-compounds-regent-s-square-113253602.html,APT Finished With Discount 30% In GOLDEN SQUARE,Apartment,,New Cairo City | The 5th Settlement | 5th Settlement Compounds | Properties for sale in Palm Hills New Cairo | Apartments for sale in Palm Hills New Cairo,8000000.0,52287,153,3,3,Installments,2500000.0,Offplan,
Property Finder,Unknown,https://www.propertyfinder.eg/en/plp/buy/apartment-for-sale-cairo-new-cairo-city-the-5th-settlement-5th-settlement-compounds-regent-s-square-113254161.html,Apartment With 5% Down Payment Installments 8Y,Apartment,First Sale,New Cairo City | The 5th Settlement | 5th Settlement Compounds | Properties for sale in Palm Hills New Cairo | Apartments for sale in Palm Hills New Cairo,11639133.0,99479,117,2,2,Installments,,Offplan,
Property Finder,Unknown,https://www.propertyfinder.eg/en/plp/buy/apartment-for-sale-cairo-new-cairo-city-the-5th-settlement-5th-settlement-compounds-regent-s-square-113256051.html,RESALE Apartment With Prime Location Delivery 1Y,Apartment,Resale,New Cairo City | The 5th Settlement | 5th Settlement Compounds | Properties for sale in Palm Hills New Cairo | Apartments for sale in Palm Hills New Cairo,6000000.0,35294,170,3,3,Installments,,Offplan,
Property Finder,Unknown,https://www.propertyfinder.eg/en/plp/buy/apartment-for-sale-cairo-new-cairo-city-the-5th-settlement-5th-settlement-compounds-regent-s-square-113257351.html,Finished Apartment in GOLDEN SQUARE Special Offer,Apartment,First Sale,New Cairo City | The 5th Settlement | 5th Settlement Compounds | Properties for sale in Palm Hills New Cairo | Apartments for sale in Palm Hills New Cairo,8043644.0,36232,222,3,3,Installments,,Offplan,
Property Finder,Unknown,https://www.propertyfinder.eg/en/plp/buy/apartment-for-sale-cairo-new-cairo-city-the-5th-settlement-5th-settlement-compounds-regent-s-square-113257415.html,APT + Garden Fully Finished including Club House,Apartment,First Sale,New Cairo City | The 5th Settlement | 5th Settlement Compounds | Properties for sale in Palm Hills New Cairo | Apartments for sale in Palm Hills New Cairo,6481463.0,36008,180,3,3,Installments,,Offplan,
Property Finder,Unknown,https://www.propertyfinder.eg/en/plp/buy/apartment-for-sale-cairo-new-cairo-city-the-5th-settlement-5th-settlement-compounds-regent-s-square-113258555.html,APT With Garden Fully Finished Under Market Price,Apartment,,New Cairo City | The 5th Settlement | 5th Settlement Compounds | Properties for sale in Palm Hills New Cairo | Apartments for sale in Palm Hills New Cairo,5200000.0,44827,116,2,2,Installments,,Offplan,
Property Finder,Unknown,https://www.propertyfinder.eg/en/plp/buy/apartment-for-sale-cairo-new-cairo-city-the-5th-settlement-5th-settlement-compounds-regent-s-square-113259713.html,RESALE APT 10M Less than the company's price,Apartment,Resale,New Cairo City | The 5th Settlement | 5th Settlement Compounds | Properties for sale in Palm Hills New Cairo | Apartments for sale in Palm Hills New Cairo,14500000.0,85294,170,3,3,Installments,,Offplan,
Property Finder,Unknown,https://www.propertyfinder.eg/en/plp/buy/apartment-for-sale-cairo-new-cairo-city-the-5th-settlement-5th-settlement-compounds-regent-s-square-114087955.html,HOT DEAL Apartment |Cash DISCOUNT 40% in Golden Sq,Apartment,First Sale,Apartments for sale in Cairo | New Cairo City | The 5th Settlement | 5th Settlement Compounds,9000000.0,58823,153,3,2,Installments,450000.0,Offplan,
Property Finder,Unknown,https://www.propertyfinder.eg/en/plp/buy/apartment-for-sale-cairo-new-cairo-city-the-5th-settlement-5th-settlement-compounds-rock-vera-113536181.html,Apartment Ready To Move Next to Hyde Park Over10Y,Apartment,First Sale,New Cairo City | The 5th Settlement | 5th Settlement Compounds | Properties for sale in Palm Hills New Cairo | Apartments for sale in Palm Hills New Cairo,5900000.0,38064,155,3,3,Cash,,Ready To Move,
Property Finder,Unknown,https://www.propertyfinder.eg/en/plp/buy/apartment-for-sale-cairo-new-cairo-city-the-5th-settlement-5th-settlement-compounds-shalya-taj-city-113807553.html,"Apartment for sale in Taj City Down payment980,000",Apartment,First Sale,New Cairo City | The 5th Settlement | 5th Settlement Compounds | Properties for sale in Palm Hills New Cairo | Apartments for sale in Palm Hills New Cairo,980000.0,16333,60,2,1,Installments,,,
Property Finder,Unknown,https://www.propertyfinder.eg/en/plp/buy/apartment-for-sale-cairo-new-cairo-city-the-5th-settlement-5th-settlement-compounds-shalya-taj-city-113830820.html,"50m² apartment at Taj City with a 250,000 down pay",Apartment,First Sale,New Cairo City | The 5th Settlement | 5th Settlement Compounds | Properties for sale in Palm Hills New Cairo | Apartments for sale in Palm Hills New Cairo,900000.0,18000,50,1,1,Cash,,Offplan,
Property Finder,Unknown,https://www.propertyfinder.eg/en/plp/buy/apartment-for-sale-cairo-new-cairo-city-the-5th-settlement-5th-settlement-compounds-shalya-taj-city-114087785.html,Special Apartment 3BR RTM UNDER Market Price,Apartment,,Apartments for sale in Cairo | New Cairo City | The 5th Settlement | 5th Settlement Compounds,7000000.0,47945,146,3,3,Installments,,READY TO MOVE,
Property Finder,Unknown,https://www.propertyfinder.eg/en/plp/buy/apartment-for-sale-cairo-new-cairo-city-the-5th-settlement-5th-settlement-compounds-solana-east-113831013.html,Dp 700k own Apt FF +AC installment 9y next mivida,Apartment,First Sale,New Cairo City | The 5th Settlement | 5th Settlement Compounds | Properties for sale in Palm Hills New Cairo | Apartments for sale in Palm Hills New Cairo,13000000.0,130000,100,2,2,Installments,695000.0,Offplan,
Property Finder,Unknown,https://www.propertyfinder.eg/en/plp/buy/apartment-for-sale-cairo-new-cairo-city-the-5th-settlement-5th-settlement-compounds-solay-113258105.html,Apartment At Lowest Price Next to Palm Hills,Apartment,First Sale,New Cairo City | The 5th Settlement | 5th Settlement Compounds | Properties for sale in Palm Hills New Cairo | Apartments for sale in Palm Hills New Cairo,5340000.0,42720,125,3,2,Cash,,Offplan,
Property Finder,Unknown,https://www.propertyfinder.eg/en/plp/buy/apartment-for-sale-cairo-new-cairo-city-the-5th-settlement-5th-settlement-compounds-solay-114082719.html,Dp 400k own Apt 3-bed Next Ahly club install-10y,Apartment,First Sale,Apartments for sale in Cairo | New Cairo City | The 5th Settlement | 5th Settlement Compounds,8000000.0,61538,130,3,3,Installments,400000.0,Offplan,
Property Finder,Unknown,https://www.propertyfinder.eg/en/plp/buy/apartment-for-sale-cairo-new-cairo-city-the-5th-settlement-5th-settlement-compounds-stone-residence-113254468.html,RESALE APT Finished With Best View Ready To Move,Apartment,Resale,New Cairo City | The 5th Settlement | 5th Settlement Compounds | Properties for sale in Palm Hills New Cairo | Apartments for sale in Palm Hills New Cairo,9000000.0,51428,175,3,3,Installments,,Ready To Move,
Property Finder,Unknown,https://www.propertyfinder.eg/en/plp/buy/apartment-for-sale-cairo-new-cairo-city-the-5th-settlement-5th-settlement-compounds-stone-residence-113258200.html,Ready to move Ground Apartment greenery view,Apartment,,New Cairo City | The 5th Settlement | 5th Settlement Compounds | Properties for sale in Palm Hills New Cairo | Apartments for sale in Palm Hills New Cairo,8000000.0,40000,200,4,3,Cash,,Ready to move,
Property Finder,Unknown,https://www.propertyfinder.eg/en/plp/buy/apartment-for-sale-cairo-new-cairo-city-the-5th-settlement-5th-settlement-compounds-stone-residence-113539740.html,RESALE Apartment Finished With View Pool _RTM,Apartment,Resale,New Cairo City | The 5th Settlement | 5th Settlement Compounds | Properties for sale in Palm Hills New Cairo | Apartments for sale in Palm Hills New Cairo,9000000.0,51428,175,3,3,Installments,,Ready To Move,
Property Finder,Unknown,https://www.propertyfinder.eg/en/plp/buy/apartment-for-sale-cairo-new-cairo-city-the-5th-settlement-5th-settlement-compounds-swan-lake-residence-113255772.html,RESALE Apartment Fully Finished Under Market Price,Apartment,Resale,New Cairo City | The 5th Settlement | 5th Settlement Compounds | Properties for sale in Palm Hills New Cairo | Apartments for sale in Palm Hills New Cairo,11700000.0,67630,173,3,3,Installments,,Ready To Move,
Property Finder,Unknown,https://www.propertyfinder.eg/en/plp/buy/apartment-for-sale-cairo-new-cairo-city-the-5th-settlement-5th-settlement-compounds-swan-lake-residence-114089903.html,Lowest Fully Finished Apartment-Swan Lake,Apartment,,Apartments for sale in Cairo | New Cairo City | The 5th Settlement | 5th Settlement Compounds,12000000.0,52863,227,3,3,Cash,,,
Property Finder,Unknown,https://www.propertyfinder.eg/en/plp/buy/apartment-for-sale-cairo-new-cairo-city-the-5th-settlement-5th-settlement-compounds-taj-city-113250716.html,Own lowest price apartment RTM for resale-Taj City,Apartment,Resale,New Cairo City | The 5th Settlement | 5th Settlement Compounds | Properties for sale in Palm Hills New Cairo | Apartments for sale in Palm Hills New Cairo,6000000.0,60000,100,2,2,Cash,,ready to move,
Property Finder,Unknown,https://www.propertyfinder.eg/en/plp/buy/apartment-for-sale-cairo-new-cairo-city-the-5th-settlement-5th-settlement-compounds-taj-city-113254899.html,Aparment withe garden prime location,Apartment,First Sale,New Cairo City | The 5th Settlement | 5th Settlement Compounds | Properties for sale in Palm Hills New Cairo | Apartments for sale in Palm Hills New Cairo,4675000.0,35687,131,2,2,Installments,,Offplan,
Property Finder,Unknown,https://www.propertyfinder.eg/en/plp/buy/apartment-for-sale-cairo-new-cairo-city-the-5th-settlement-5th-settlement-compounds-taj-city-113255573.html,Apartment With Lowest Down Payment Installment 10Y,Apartment,First Sale,New Cairo City | The 5th Settlement | 5th Settlement Compounds | Properties for sale in Palm Hills New Cairo | Apartments for sale in Palm Hills New Cairo,11000000.0,100000,110,2,2,Installments,550000.0,Offplan,
Property Finder,Unknown,https://www.propertyfinder.eg/en/plp/buy/apartment-for-sale-cairo-new-cairo-city-the-5th-settlement-5th-settlement-compounds-taj-city-113819802.html,Club Side Taj City Apartment Offer,Apartment,Resale,New Cairo City | The 5th Settlement | 5th Settlement Compounds | Properties for sale in Palm Hills New Cairo | Apartments for sale in Palm Hills New Cairo,4000000.0,29629,135,2,2,Cash,,Offplan,
Property Finder,Unknown,https://www.propertyfinder.eg/en/plp/buy/apartment-for-sale-cairo-new-cairo-city-the-5th-settlement-5th-settlement-compounds-taj-city-114082630.html,Apartment 50m - TAJ CITY- 10YEARS-PRIME LOCATION,Apartment,First Sale,New Cairo City | The 5th Settlement | 5th Settlement Compounds | Properties for sale in Palm Hills New Cairo | Apartments for sale in Palm Hills New Cairo,800000.0,16000,50,1,1,Installments,,Offplan,
Property Finder,Unknown,https://www.propertyfinder.eg/en/plp/buy/apartment-for-sale-cairo-new-cairo-city-the-5th-settlement-5th-settlement-compounds-telal-east-113830884.html,DP 580k Own Apt 3-BED FF Installment 12y Prime Loc,Apartment,First Sale,New Cairo City | The 5th Settlement | 5th Settlement Compounds | Properties for sale in Palm Hills New Cairo | Apartments for sale in Palm Hills New Cairo,11000000.0,81481,135,3,3,Installments,580000.0,Offplan,
Property Finder,Unknown,https://www.propertyfinder.eg/en/plp/buy/apartment-for-sale-cairo-new-cairo-city-the-5th-settlement-5th-settlement-compounds-the-crest-113542186.html,APT with 2.5% D.P in The Crest Compound 5th Settle,Apartment,First Sale,New Cairo City | The 5th Settlement | 5th Settlement Compounds | Properties for sale in Palm Hills New Cairo | Apartments for sale in Palm Hills New Cairo,7500000.0,55555,135,3,2,Installments,,Offplan,
Property Finder,Unknown,https://www.propertyfinder.eg/en/plp/buy/apartment-for-sale-cairo-new-cairo-city-the-5th-settlement-5th-settlement-compounds-the-crest-113830825.html,DP 215K Own Apt 3-bed Near to Hyde park Insta-10y,Apartment,First Sale,New Cairo City | The 5th Settlement | 5th Settlement Compounds | Properties for sale in Palm Hills New Cairo | Apartments for sale in Palm Hills New Cairo,8700000.0,64444,135,3,3,Installments,215000.0,Offplan,
Property Finder,Unknown,https://www.propertyfinder.eg/en/plp/buy/apartment-for-sale-cairo-new-cairo-city-the-5th-settlement-5th-settlement-compounds-the-crest-114082678.html,Dp 190k installment 10y next hyde park landscape,Apartment,First Sale,New Cairo City | The 5th Settlement | 5th Settlement Compounds | Properties for sale in Palm Hills New Cairo | Apartments for sale in Palm Hills New Cairo,7500000.0,55555,135,3,3,Installments,190000.0,Offplan,
Property Finder,Unknown,https://www.propertyfinder.eg/en/plp/buy/apartment-for-sale-cairo-new-cairo-city-the-5th-settlement-5th-settlement-compounds-the-icon-residence-113257288.html,Studio For Invest At Lowest Price in Queen Vally,Apartment,First Sale,New Cairo City | The 5th Settlement | 5th Settlement Compounds | Properties for sale in Palm Hills New Cairo | Apartments for sale in Palm Hills New Cairo,1980000.0,36000,55,,1,Installments,,Offplan,
Property Finder,Unknown,https://www.propertyfinder.eg/en/plp/buy/apartment-for-sale-cairo-new-cairo-city-the-5th-settlement-5th-settlement-compounds-the-icon-residence-113262821.html,Dp 350k Own Apt Delivery 2y Installment 12y,Apartment,First Sale,New Cairo City | The 5th Settlement | 5th Settlement Compounds | Properties for sale in Palm Hills New Cairo | Apartments for sale in Palm Hills New Cairo,3600000.0,36000,100,2,2,Installments,360000.0,Offplan,
Property Finder,Unknown,https://www.propertyfinder.eg/en/plp/buy/apartment-for-sale-cairo-new-cairo-city-the-5th-settlement-5th-settlement-compounds-the-icon-residence-113521720.html,APT DP568K Prime View Next to Hyde Park INST 10Y,Apartment,First Sale,New Cairo City | The 5th Settlement | 5th Settlement Compounds | Properties for sale in Palm Hills New Cairo | Apartments for sale in Palm Hills New Cairo,5396000.0,49054,110,2,2,Installments,568000.0,Offplan,
Property Finder,Unknown,https://www.propertyfinder.eg/en/plp/buy/apartment-for-sale-cairo-new-cairo-city-the-5th-settlement-5th-settlement-compounds-the-icon-residence-114082711.html,Dp 790k Own Apt 3-bed With Installment 10y,Apartment,First Sale,Apartments for sale in Cairo | New Cairo City | The 5th Settlement | 5th Settlement Compounds,7900000.0,50967,155,3,3,Installments,790000.0,Offplan,
Property Finder,Unknown,https://www.propertyfinder.eg/en/plp/buy/apartment-for-sale-cairo-new-cairo-city-the-5th-settlement-5th-settlement-compounds-the-icon-residence-ii-113830765.html,Apt resale With installment on landscape,Apartment,Resale,New Cairo City | The 5th Settlement | 5th Settlement Compounds | Properties for sale in Palm Hills New Cairo | Apartments for sale in Palm Hills New Cairo,3000000.0,22222,135,3,2,Installments,,,
Property Finder,Unknown,https://www.propertyfinder.eg/en/plp/buy/apartment-for-sale-cairo-new-cairo-city-the-5th-settlement-5th-settlement-compounds-the-median-residences-114082715.html,Dp milion installment 10y apt 3-bed next taj city,Apartment,First Sale,Apartments for sale in Cairo | New Cairo City | The 5th Settlement | 5th Settlement Compounds,10000000.0,66666,150,3,2,Installments,1000000.0,Offplan,
Property Finder,Unknown,https://www.propertyfinder.eg/en/plp/buy/apartment-for-sale-cairo-new-cairo-city-the-5th-settlement-5th-settlement-compounds-the-square-112702713.html,Amazing apartment 185m for resale - The Square,Apartment,Resale,New Cairo City | The 5th Settlement | 5th Settlement Compounds | Properties for sale in Palm Hills New Cairo | Apartments for sale in Palm Hills New Cairo,7800000.0,42162,185,3,3,Cash,,,
Property Finder,Unknown,https://www.propertyfinder.eg/en/plp/buy/apartment-for-sale-cairo-new-cairo-city-the-5th-settlement-5th-settlement-compounds-the-square-113253678.html,RESALE Apartment Finished With Lowest Price _ RTM,Apartment,Resale,New Cairo City | The 5th Settlement | 5th Settlement Compounds | Properties for sale in Palm Hills New Cairo | Apartments for sale in Palm Hills New Cairo,8300000.0,50303,165,3,3,Cash,,Ready To Move,
Property Finder,Unknown,https://www.propertyfinder.eg/en/plp/buy/apartment-for-sale-cairo-new-cairo-city-the-5th-settlement-5th-settlement-compounds-the-square-113254046.html,The Largest Apartment READY TO MOVE Prime Location,Apartment,Resale,New Cairo City | The 5th Settlement | 5th Settlement Compounds | Properties for sale in Palm Hills New Cairo | Apartments for sale in Palm Hills New Cairo,8300000.0,39523,210,3,3,Cash,,READY TO MOVE,
Property Finder,Unknown,https://www.propertyfinder.eg/en/plp/buy/apartment-for-sale-cairo-new-cairo-city-the-5th-settlement-5th-settlement-compounds-trio-113538997.html,Finished Apt. 160 sqm with 40% Discount - Mist,Apartment,First Sale,New Cairo City | The 5th Settlement | 5th Settlement Compounds | Properties for sale in Palm Hills New Cairo | Apartments for sale in Palm Hills New Cairo,8820000.0,55125,160,3,3,Installments,,Offplan,
Property Finder,Unknown,https://www.propertyfinder.eg/en/plp/buy/apartment-for-sale-cairo-new-cairo-city-the-5th-settlement-5th-settlement-compounds-villette-113251715.html,apt fully finished prime location -facing north,Apartment,Resale,New Cairo City | The 5th Settlement | 5th Settlement Compounds | Properties for sale in Palm Hills New Cairo | Apartments for sale in Palm Hills New Cairo,22000000.0,120218,183,3,3,Cash,,Under Construction,
Property Finder,Unknown,https://www.propertyfinder.eg/en/plp/buy/apartment-for-sale-cairo-new-cairo-city-the-5th-settlement-5th-settlement-compounds-villette-113251788.html,apt open view - facing north in VILLETTE SODIC,Apartment,Resale,New Cairo City | The 5th Settlement | 5th Settlement Compounds | Properties for sale in Palm Hills New Cairo | Apartments for sale in Palm Hills New Cairo,17500000.0,94086,186,3,3,Cash,,Under Construction,
Property Finder,Unknown,https://www.propertyfinder.eg/en/plp/buy/apartment-for-sale-cairo-new-cairo-city-the-5th-settlement-5th-settlement-compounds-villette-113251797.html,premium garden standalone apt fully finished,Apartment,Resale,New Cairo City | The 5th Settlement | 5th Settlement Compounds | Properties for sale in Palm Hills New Cairo | Apartments for sale in Palm Hills New Cairo,25000000.0,119047,210,3,3,Installments,22000000.0,Under Construction,
Property Finder,Unknown,https://www.propertyfinder.eg/en/plp/buy/apartment-for-sale-cairo-new-cairo-city-the-5th-settlement-5th-settlement-compounds-villette-113256219.html,APT Fully Finished with ACs Special Price - SODIC,Apartment,First Sale,New Cairo City | The 5th Settlement | 5th Settlement Compounds | Properties for sale in Palm Hills New Cairo | Apartments for sale in Palm Hills New Cairo,17500000.0,106707,164,3,3,Installments,875000.0,Offplan,
Property Finder,Unknown,https://www.propertyfinder.eg/en/plp/buy/apartment-for-sale-cairo-new-cairo-city-the-5th-settlement-5th-settlement-compounds-villette-113526444.html,Own 3BR apartment RTM for sale over 10Y- Villette,Apartment,First Sale,New Cairo City | The 5th Settlement | 5th Settlement Compounds | Properties for sale in Palm Hills New Cairo | Apartments for sale in Palm Hills New Cairo,16000000.0,96969,165,3,3,Installments,,ready to move,
Property Finder,Unknown,https://www.propertyfinder.eg/en/plp/buy/apartment-for-sale-cairo-new-cairo-city-the-5th-settlement-5th-settlement-compounds-villette-113823627.html,Last Penthouse Fully Finished Ready To Move in,Apartment,First Sale,New Cairo City | The 5th Settlement | 5th Settlement Compounds | Properties for sale in Palm Hills New Cairo | Apartments for sale in Palm Hills New Cairo,26000000.0,104000,250,4,4,Installments,,Ready To Move,
Property Finder,Unknown,https://www.propertyfinder.eg/en/plp/buy/apartment-for-sale-cairo-new-cairo-city-the-5th-settlement-5th-settlement-compounds-villette-114089883.html,ground apartment in a prime location at Villette,Apartment,,Apartments for sale in Cairo | New Cairo City | The 5th Settlement | 5th Settlement Compounds,21900000.0,99545,220,4,4,Cash,,Ready to move,
Property Finder,Unknown,https://www.propertyfinder.eg/en/plp/buy/apartment-for-sale-cairo-new-cairo-city-the-5th-settlement-5th-settlement-compounds-wuud-113259028.html,Apartment Next to Mivida & Hyde Park WITHOUT Dp,Apartment,First Sale,New Cairo City | The 5th Settlement | 5th Settlement Compounds | Properties for sale in Palm Hills New Cairo | Apartments for sale in Palm Hills New Cairo,3780000.0,27000,140,3,3,Installments,,Offplan,
Property Finder,Unknown,https://www.propertyfinder.eg/en/plp/buy/apartment-for-sale-cairo-new-cairo-city-the-5th-settlement-5th-settlement-compounds-wuud-114082716.html,Dp580k Lowest Apt 3-bed next hyde park instal-10ye,Apartment,First Sale,Apartments for sale in Cairo | New Cairo City | The 5th Settlement | 5th Settlement Compounds,5800000.0,41428,140,3,3,Installments,580000.0,Offplan,
Property Finder,Unknown,https://www.propertyfinder.eg/en/plp/buy/apartment-for-sale-cairo-new-cairo-city-the-5th-settlement-5th-settlement-compounds-yardin-113831040.html,Dp580k Monthly 40k own apt 3-bed installment 10y,Apartment,First Sale,New Cairo City | The 5th Settlement | 5th Settlement Compounds | Properties for sale in Palm Hills New Cairo | Apartments for sale in Palm Hills New Cairo,5800000.0,44615,130,3,3,Installments,580000.0,Offplan,
Property Finder,Unknown,https://www.propertyfinder.eg/en/plp/buy/apartment-for-sale-cairo-new-cairo-city-the-5th-settlement-5th-settlement-compounds-zed-east-113254798.html,Apartment Fully Finished with ACs Prime Location,Apartment,Resale,3 bedroom Apartments for sale in Zed East | 2 bedroom Apartments for sale in Zed East | 1 bedroom Apartments for sale in Zed East | Studio Apartments for sale in Zed East | Apartments for sale in Palm Hills New Cairo,7000000.0,36458,192,3,4,Installments,,Offplan,
Property Finder,Unknown,https://www.propertyfinder.eg/en/plp/buy/apartment-for-sale-cairo-new-cairo-city-the-5th-settlement-5th-settlement-compounds-zed-east-113259946.html,APT With Garden Finished + AC's Delivery 3 Months,Apartment,Resale,2 bedroom Apartments for sale in Zed East | 1 bedroom Apartments for sale in Zed East | Studio Apartments for sale in Zed East | Furnished Apartments for sale in Zed East | Apartments for sale in Palm Hills New Cairo,8400000.0,70000,120,2,2,Installments,,Offplan,
Property Finder,Unknown,https://www.propertyfinder.eg/en/plp/buy/apartment-for-sale-cairo-new-cairo-city-the-5th-settlement-5th-settlement-compounds-zed-east-113260106.html,RESALE Apartment Fully Finished Delivery 6 Months,Apartment,Resale,3 bedroom Apartments for sale in Zed East | 2 bedroom Apartments for sale in Zed East | 1 bedroom Apartments for sale in Zed East | Studio Apartments for sale in Zed East | Apartments for sale in Palm Hills New Cairo,8000000.0,48484,165,3,2,Installments,,Offplan,
Property Finder,Unknown,https://www.propertyfinder.eg/en/plp/buy/apartment-for-sale-cairo-new-cairo-city-the-5th-settlement-5th-settlement-compounds-zed-east-113263759.html,Lowest Price Apartment Open View For Sale ZED East,Apartment,,3 bedroom Apartments for sale in Zed East | 2 bedroom Apartments for sale in Zed East | 1 bedroom Apartments for sale in Zed East | Studio Apartments for sale in Zed East | Apartments for sale in Palm Hills New Cairo,10520000.0,63757,165,3,3,Installments,8086000.0,,
Property Finder,Unknown,https://www.propertyfinder.eg/en/plp/buy/apartment-for-sale-cairo-new-cairo-city-the-5th-settlement-5th-settlement-compounds-zed-east-113823834.html,"3-bedroom apartment, fully finished ready to move",Apartment,First Sale,3 bedroom Apartments for sale in Zed East | 2 bedroom Apartments for sale in Zed East | 1 bedroom Apartments for sale in Zed East | Studio Apartments for sale in Zed East | Apartments for sale in Palm Hills New Cairo,13000000.0,76470,170,3,3,Installments,650000.0,ready to move,
Property Finder,Unknown,https://www.propertyfinder.eg/en/plp/buy/apartment-for-sale-cairo-new-cairo-city-the-5th-settlement-90-street-the-address-east-113254828.html,Apartments for sale prime location ready to move,Apartment,First Sale,Apartments for sale in Cairo | New Cairo City | The 5th Settlement | Properties for sale in Dyar Compound | Villas for sale in Dyar Compound,7200000.0,49655,145,3,2,Cash,,ready to move,
Property Finder,Unknown,https://www.propertyfinder.eg/en/plp/buy/apartment-for-sale-cairo-new-cairo-city-the-5th-settlement-90-street-the-address-east-113256277.html,RESALE Apartment Finished With Lowest Price - RTM,Apartment,Resale,Apartments for sale in Cairo | New Cairo City | The 5th Settlement | Properties for sale in Dyar Compound | Villas for sale in Dyar Compound,7175000.0,51250,140,3,2,Cash,,Ready to Move,
Property Finder,Unknown,https://www.propertyfinder.eg/en/plp/buy/apartment-for-sale-cairo-new-cairo-city-the-5th-settlement-90-street-the-address-east-113825917.html,RTM Finished Apt in Address East in New Cairo,Apartment,First Sale,Apartments for sale in Cairo | New Cairo City | The 5th Settlement | Properties for sale in Dyar Compound | Villas for sale in Dyar Compound,7000000.0,57851,121,2,2,Cash,,Ready To Move,
Property Finder,Unknown,https://www.propertyfinder.eg/en/plp/buy/apartment-for-sale-cairo-new-cairo-city-the-5th-settlement-90-street-the-waterway-view-112986072.html,Apartment for Sale in Waterway – The View,Apartment,,New Cairo City | The 5th Settlement | Properties for sale in Dyar Compound | Villas for sale in Dyar Compound | Apartments for sale in Dyar Compound,13500000.0,68181,198,4,4,Cash,,Under Construction,
Property Finder,Unknown,https://www.propertyfinder.eg/en/plp/buy/apartment-for-sale-cairo-new-cairo-city-the-5th-settlement-bait-alwatan-113807466.html,Your apartment is 128 meters South Suez new cairo,Apartment,First Sale,3 bedroom iVillas for sale in 5th Settlement Compounds | Apartments for sale in 5th Settlement Compounds | 3 bedroom Apartments for sale in 5th Settlement Compounds | 2 bedroom Apartments for sale in 5th Settlement Compounds | Furnished Apartments for sale in 5th Settlement Compounds,3600000.0,24000,150,3,2,Installments,1800000.0,Offplan,
Property Finder,Unknown,https://www.propertyfinder.eg/en/plp/buy/apartment-for-sale-cairo-new-cairo-city-the-5th-settlement-bait-alwatan-113815004.html,210m² Garden View Apartment in Beit Al Watan,Apartment,First Sale,4 bedroom Villas for sale in 5th Settlement Compounds | Apartments for sale in 5th Settlement Compounds | 3 bedroom Apartments for sale in 5th Settlement Compounds | 2 bedroom Apartments for sale in 5th Settlement Compounds | Furnished Apartments for sale in 5th Settlement Compounds,4620000.0,22000,210,4,3,Installments,2310000.0,Offplan,
Property Finder,Unknown,https://www.propertyfinder.eg/en/plp/buy/apartment-for-sale-cairo-new-cairo-city-the-5th-settlement-bait-alwatan-113815031.html,194m Apt District 1 sqm 19000 New Cairo,Apartment,First Sale,4 bedroom Villas for sale in 5th Settlement Compounds | Apartments for sale in 5th Settlement Compounds | 3 bedroom Apartments for sale in 5th Settlement Compounds | 2 bedroom Apartments for sale in 5th Settlement Compounds | Furnished Apartments for sale in 5th Settlement Compounds,3686000.0,19000,194,4,2,Installments,1500000.0,Offplan,
Property Finder,Unknown,https://www.propertyfinder.eg/en/plp/buy/apartment-for-sale-cairo-new-cairo-city-the-5th-settlement-fifth-square-moon-residences-112975047.html,apartment sale facing north rtm lowest price,Apartment,,Apartments for sale in Cairo | New Cairo City | The 5th Settlement,8200000.0,48809,168,3,3,Cash,,Ready to move,
Property Finder,Unknown,https://www.propertyfinder.eg/en/plp/buy/apartment-for-sale-cairo-new-cairo-city-the-5th-settlement-fifth-square-moon-residences-113252922.html,Finished Apartment in Fifth Square - Golden square,Apartment,First Sale,Apartments for sale in Cairo | New Cairo City | The 5th Settlement,4500000.0,28125,160,3,3,Installments,,Under Construction,
Property Finder,Unknown,https://www.propertyfinder.eg/en/plp/buy/apartment-for-sale-cairo-new-cairo-city-the-5th-settlement-fifth-square-moon-residences-113254111.html,RESALE Apartment Finished With AC's Ready To Move,Apartment,Resale,Apartments for sale in Cairo | New Cairo City | The 5th Settlement,8500000.0,65384,130,2,2,Installments,,Ready To Move,
Property Finder,Unknown,https://www.propertyfinder.eg/en/plp/buy/apartment-for-sale-cairo-new-cairo-city-the-5th-settlement-fifth-square-moon-residences-113256391.html,RESALE Apartment Finished With Special Price _ RTM,Apartment,Resale,Apartments for sale in Cairo | New Cairo City | The 5th Settlement,13500000.0,69230,195,3,3,Cash,,Ready To Move,
Property Finder,Unknown,https://www.propertyfinder.eg/en/plp/buy/apartment-for-sale-cairo-new-cairo-city-the-5th-settlement-fifth-square-moon-residences-113257985.html,Lowest Price - Fully Finished - Ready to move,Apartment,,Apartments for sale in Cairo | New Cairo City | The 5th Settlement,10050000.0,67905,148,3,2,Cash,,Ready to move,
Property Finder,Unknown,https://www.propertyfinder.eg/en/plp/buy/apartment-for-sale-cairo-new-cairo-city-the-5th-settlement-fifth-square-moon-residences-113258337.html,Finished APT Ready to move Under Market Price,Apartment,Resale,Apartments for sale in Cairo | New Cairo City | The 5th Settlement,8300000.0,49404,168,3,3,Installments,,Ready to move,
Property Finder,Unknown,https://www.propertyfinder.eg/en/plp/buy/apartment-for-sale-cairo-new-cairo-city-the-5th-settlement-fifth-square-moon-residences-113258628.html,Apartment With Garden Fully Finished+ACs Club View,Apartment,Resale,Apartments for sale in Cairo | New Cairo City | The 5th Settlement,7300000.0,76842,95,1,2,Cash,,Ready To Move,
Property Finder,Unknown,https://www.propertyfinder.eg/en/plp/buy/apartment-for-sale-cairo-new-cairo-city-the-5th-settlement-fifth-square-moon-residences-113260564.html,Ready to move fully finished with Acs 130m 2 bed,Apartment,,Apartments for sale in Cairo | New Cairo City | The 5th Settlement,8450000.0,65000,130,2,2,Installments,,Ready to move,
Property Finder,Unknown,https://www.propertyfinder.eg/en/plp/buy/apartment-for-sale-cairo-new-cairo-city-the-5th-settlement-fifth-square-moon-residences-113260632.html,greenery and water features view Finished with Acs,Apartment,,Apartments for sale in Cairo | New Cairo City | The 5th Settlement,9800000.0,66666,147,3,2,Cash,,Under Construction,
Property Finder,Unknown,https://www.propertyfinder.eg/en/plp/buy/apartment-for-sale-cairo-new-cairo-city-the-5th-settlement-fifth-square-moon-residences-113260677.html,Immediate delivery 3 bed 168m Fully finished+ Acs,Apartment,,Apartments for sale in Cairo | New Cairo City | The 5th Settlement,12700000.0,75595,168,3,3,Installments,9300000.0,under construction,
Property Finder,Unknown,https://www.propertyfinder.eg/en/plp/buy/apartment-for-sale-cairo-new-cairo-city-the-5th-settlement-fifth-square-moon-residences-113261302.html,RESALE APT Finished + AC's With Best Price _ RTM,Apartment,Resale,Apartments for sale in Cairo | New Cairo City | The 5th Settlement,16500000.0,91666,180,3,3,Cash,,Ready To Move,
Property Finder,Unknown,https://www.propertyfinder.eg/en/plp/buy/apartment-for-sale-cairo-new-cairo-city-the-5th-settlement-fifth-square-moon-residences-113830602.html,Apt FF Ready To Move With Best Pice in prime view,Apartment,,Apartments for sale in Cairo | New Cairo City | The 5th Settlement,9700000.0,60625,160,3,3,Cash,,Ready To Move,
Property Finder,Unknown,https://www.propertyfinder.eg/en/plp/buy/apartment-for-sale-cairo-new-cairo-city-the-5th-settlement-fifth-square-moon-residences-114084604.html,Garden View Apartment + ACs | Fifth Square over 6y,Apartment,First Sale,Apartments for sale in Cairo | New Cairo City | The 5th Settlement,4250000.0,26562,160,3,2,Installments,,Ready,
Property Finder,Unknown,https://www.propertyfinder.eg/en/plp/buy/apartment-for-sale-cairo-new-cairo-city-the-6th-settlement-cairova-113822322.html,Apartment 3BR Finished At Lowest Price Over10Year,Apartment,First Sale,Properties for sale in Cairova | Townhouses for sale in Cairova | Apartments for sale in Cairova | 1 bedroom Apartments for sale in Cairova | 3 bedroom Apartments for sale in Cairova,5700000.0,39860,143,3,3,Installments,,Offplan,
Property Finder,Unknown,https://www.propertyfinder.eg/en/plp/buy/apartment-for-sale-cairo-new-cairo-city-the-6th-settlement-el-patio-riva-112704421.html,Garden apartment 3BR for sale over 10Y-Patio Riva,Apartment,First Sale,Apartments for sale in Cairo | New Cairo City,12000000.0,70588,170,3,3,Installments,,Offplan,
Property Finder,Unknown,https://www.propertyfinder.eg/en/plp/buy/apartment-for-sale-cairo-new-cairo-city-the-6th-settlement-home-residence-113257889.html,APT+Garden with2.5%DP in Home Residence 6th Settle,Apartment,First Sale,Apartments for sale in Cairo | New Cairo City,7876000.0,57072,138,3,2,Installments,,Offplan,
Property Finder,Unknown,https://www.propertyfinder.eg/en/plp/buy/apartment-for-sale-cairo-new-cairo-city-the-6th-settlement-modon-golf-town-113534445.html,Apartment 2BED Prime Location in New Cairo Over10Y,Apartment,First Sale,Apartments for sale in Cairo | New Cairo City,5180000.0,41111,126,2,2,Installments,,Offplan,
Property Finder,Unknown,https://www.propertyfinder.eg/en/plp/buy/apartment-for-sale-cairo-new-cairo-city-the-6th-settlement-najm-113814984.html,Studio at the lowest price 6th Settlement over 10Y,Apartment,First Sale,Apartments for sale in Cairo | New Cairo City,3399000.0,40464,84,1,1,Installments,,Offplan,
Property Finder,Unknown,https://www.propertyfinder.eg/en/plp/buy/apartment-for-sale-cairo-new-cairo-city-yellow-residence-113537650.html,Apartment Prime Location Direct On Suez Road| 5%DP,Apartment,First Sale,iVillas for sale in The 5th Settlement | Apartments for sale in The 5th Settlement | 3 bedroom Apartments for sale in The 5th Settlement | 2 bedroom Apartments for sale in The 5th Settlement | Furnished Apartments for sale in The 5th Settlement,4000000.0,22727,176,3,3,Installments,,Offplan,
Property Finder,Unknown,https://www.propertyfinder.eg/en/plp/buy/apartment-for-sale-cairo-the-6th-settlement-new-cairo-city-hyde-park-central-113252592.html,Apartment 2BED At Lowest Price in Sixth Settlement,Apartment,First Sale,Apartments for sale in Cairo | New Cairo City,2499000.0,23355,107,2,2,Cash,,Offplan,
Property Finder,Unknown,https://www.propertyfinder.eg/en/plp/buy/apartment-for-sale-cairo-the-6th-settlement-new-cairo-city-jiwar-113261222.html,Install plans for your APT with cash disc in Jiwar,Apartment,First Sale,Apartments for sale in Cairo | New Cairo City,4743060.0,34370,138,3,2,Installments,,Offplan,
Property Finder,Unknown,https://www.propertyfinder.eg/en/plp/buy/apartment-for-sale-giza-6-october-city-new-october-city-100933405.html,امتلك علي طريق الواحات مباشر تقسيط علي 10 سنوات,Apartment,First Sale,2 bedroom Apartments for sale in New October City | Apartments for sale in 6 October Compounds | 2 bedroom Apartments for sale in 6 October Compounds | Apartments for sale in Hadayek October | Apartments for sale in Cairo Alexandria Desert Road,1900000.0,20000,95,2,1,Installments,190000.0,Offplan,
Property Finder,Unknown,https://www.propertyfinder.eg/en/plp/buy/apartment-for-sale-giza-6-october-city-new-october-city-102058696.html,للبيع شقة 150م في اكتوبر الجديدة بمقدم 500الف فقط,Apartment,First Sale,Apartments for sale in 6 October Compounds | 3 bedroom Apartments for sale in 6 October Compounds | 2 bedroom Apartments for sale in 6 October Compounds | Apartments for sale in Hadayek October | Apartments for sale in Cairo Alexandria Desert Road,2175000.0,14500,150,3,3,Installments,500000.0,Offplan,
Property Finder,Unknown,https://www.propertyfinder.eg/en/plp/buy/apartment-for-sale-giza-6-october-city-new-october-city-102917863.html,للبيع شقه كمبوند علي طريق الواحات مباشره,Apartment,First Sale,Apartments for sale in 6 October Compounds | 3 bedroom Apartments for sale in 6 October Compounds | Apartments for sale in Hadayek October | Apartments for sale in Cairo Alexandria Desert Road | 3 bedroom Apartments for sale in Hadayek October,1200000.0,20000,60,1,1,Installments,120000.0,Offplan,
Property Finder,Unknown,https://www.propertyfinder.eg/en/plp/buy/apartment-for-sale-giza-6-october-city-new-october-city-103183769.html,للبيع بكمبوند علي الواحات مباشر بدون دفعات,Apartment,First Sale,2 bedroom Apartments for sale in New October City | Apartments for sale in 6 October Compounds | 2 bedroom Apartments for sale in 6 October Compounds | Apartments for sale in Hadayek October | Apartments for sale in Cairo Alexandria Desert Road,2000000.0,20000,100,2,1,Installments,200000.0,Offplan,
Property Finder,Unknown,https://www.propertyfinder.eg/en/plp/buy/apartment-for-sale-giza-6-october-city-new-october-city-103188289.html,شقه للبيع بكمبوند طريق الواحات مباشر بدون دفعات,Apartment,First Sale,Apartments for sale in 6 October Compounds | 3 bedroom Apartments for sale in 6 October Compounds | 2 bedroom Apartments for sale in 6 October Compounds | Apartments for sale in Hadayek October | Apartments for sale in Cairo Alexandria Desert Road,2600000.0,20000,130,3,2,Installments,260000.0,Offplan,
Property Finder,Unknown,https://www.propertyfinder.eg/en/plp/buy/apartment-for-sale-giza-6-october-city-new-october-city-103190274.html,كمبوند علي طريق الواحات مباشر تقسيط 10 سنوات,Apartment,First Sale,Apartments for sale in 6 October Compounds | 3 bedroom Apartments for sale in 6 October Compounds | Apartments for sale in Hadayek October | Apartments for sale in Cairo Alexandria Desert Road | 3 bedroom Apartments for sale in Hadayek October,1200000.0,20000,60,1,1,Installments,120000.0,Offplan,
Property Finder,Unknown,https://www.propertyfinder.eg/en/plp/buy/apartment-for-sale-giza-6-october-city-new-october-city-103472481.html,للبيع شقة 150م دور اول احياء باديه مقدم 500الف,Apartment,First Sale,Apartments for sale in 6 October Compounds | 3 bedroom Apartments for sale in 6 October Compounds | 2 bedroom Apartments for sale in 6 October Compounds | Apartments for sale in Hadayek October | Apartments for sale in Cairo Alexandria Desert Road,2175000.0,14500,150,3,3,Installments,500000.0,Offplan,
Property Finder,Unknown,https://www.propertyfinder.eg/en/plp/buy/apartment-for-sale-giza-6-october-city-new-october-city-104604737.html,مباشر علي طريق الواحات بكمبوند هيفين ويست,Apartment,First Sale,Apartments for sale in 6 October Compounds | 3 bedroom Apartments for sale in 6 October Compounds | Apartments for sale in Hadayek October | Apartments for sale in Cairo Alexandria Desert Road | 3 bedroom Apartments for sale in Hadayek October,1200000.0,20000,60,1,1,Installments,120000.0,Offplan,
Property Finder,Unknown,https://www.propertyfinder.eg/en/plp/buy/apartment-for-sale-giza-6-october-city-new-october-city-104605573.html,كمبوند علي الواحات مباشر شقه للبيع تقسيط 10 سنوات,Apartment,First Sale,2 bedroom Apartments for sale in New October City | Apartments for sale in 6 October Compounds | 2 bedroom Apartments for sale in 6 October Compounds | Apartments for sale in Hadayek October | Apartments for sale in Cairo Alexandria Desert Road,1900000.0,20000,95,2,1,Installments,190000.0,Offplan,
Property Finder,Unknown,https://www.propertyfinder.eg/en/plp/buy/apartment-for-sale-giza-6-october-city-new-october-city-107970567.html,86m open view at Q INST 37K till 12 years MARSOUM,Apartment,First Sale,2 bedroom Apartments for sale in New October City | Apartments for sale in 6 October Compounds | 2 bedroom Apartments for sale in 6 October Compounds | Apartments for sale in Hadayek October | Apartments for sale in Cairo Alexandria Desert Road,2000000.0,23255,86,2,2,Installments,,Offplan,
Property Finder,Unknown,https://www.propertyfinder.eg/en/plp/buy/apartment-for-sale-giza-6-october-city-new-october-city-107970882.html,124m 3BR in Central Gates at Q INST 54K till 12yrs,Apartment,First Sale,Apartments for sale in 6 October Compounds | 3 bedroom Apartments for sale in 6 October Compounds | 2 bedroom Apartments for sale in 6 October Compounds | Apartments for sale in Hadayek October | Apartments for sale in Cairo Alexandria Desert Road,2900000.0,23387,124,3,2,Installments,,Offplan,
Property Finder,Unknown,https://www.propertyfinder.eg/en/plp/buy/apartment-for-sale-giza-6-october-city-new-october-city-110198490.html,شقه للبيع كمبوند علي الواحات مباشر اطول فتره تقسيط,Apartment,First Sale,2 bedroom Apartments for sale in New October City | Apartments for sale in 6 October Compounds | 2 bedroom Apartments for sale in 6 October Compounds | Apartments for sale in Hadayek October | Apartments for sale in Cairo Alexandria Desert Road,1900000.0,20000,95,2,1,Installments,190000.0,Offplan,
Property Finder,Unknown,https://www.propertyfinder.eg/en/plp/buy/apartment-for-sale-giza-6-october-city-new-october-city-112973475.html,كمبوند اطلاله باكتوبر الجديده,Apartment,,Apartments for sale in 6 October Compounds | 3 bedroom Apartments for sale in 6 October Compounds | Apartments for sale in Hadayek October | Apartments for sale in Cairo Alexandria Desert Road | 3 bedroom Apartments for sale in Hadayek October,1001000.0,20020,50,1,1,Installments,12.0,Under Construction,
Property Finder,Unknown,https://www.propertyfinder.eg/en/plp/buy/apartment-for-sale-giza-6-october-city-new-october-city-112975011.html,للبيع شقة 164م دور اول استلام فوري باحياء بادية,Apartment,First Sale,Apartments for sale in 6 October Compounds | 3 bedroom Apartments for sale in 6 October Compounds | 2 bedroom Apartments for sale in 6 October Compounds | Apartments for sale in Hadayek October | Apartments for sale in Cairo Alexandria Desert Road,2296000.0,14000,164,3,3,Installments,1148000.0,Under Construction,
Property Finder,Unknown,https://www.propertyfinder.eg/en/plp/buy/apartment-for-sale-giza-6-october-city-new-october-city-61688285.html,Prime Apartment in New October City | DP 600K,Apartment,First Sale,2 bedroom Apartments for sale in New October City | Apartments for sale in 6 October Compounds | 2 bedroom Apartments for sale in 6 October Compounds | Apartments for sale in Hadayek October | Apartments for sale in Cairo Alexandria Desert Road,2200000.0,13333,165,2,1,Installments,600000.0,Under Construction,
Property Finder,Unknown,https://www.propertyfinder.eg/en/plp/buy/apartment-for-sale-giza-6-october-city-new-october-city-81564753.html,للبيع شقة 150م بمقدم 500الف بجوار باديه بالم هيلز,Apartment,First Sale,Apartments for sale in 6 October Compounds | 3 bedroom Apartments for sale in 6 October Compounds | 2 bedroom Apartments for sale in 6 October Compounds | Apartments for sale in Hadayek October | Apartments for sale in Cairo Alexandria Desert Road,2175000.0,14500,150,3,3,Installments,500000.0,Offplan,
Property Finder,Unknown,https://www.propertyfinder.eg/en/plp/buy/apartment-for-sale-giza-6-october-city-new-october-city-89548583.html,الحق امتلك بمقدم 500 الف فقط واطول فتره سداد,Apartment,First Sale,Apartments for sale in 6 October Compounds | 3 bedroom Apartments for sale in 6 October Compounds | 2 bedroom Apartments for sale in 6 October Compounds | Apartments for sale in Hadayek October | Apartments for sale in Cairo Alexandria Desert Road,2175000.0,14500,150,3,3,Installments,500000.0,Offplan,
Property Finder,Unknown,https://www.propertyfinder.eg/en/plp/buy/apartment-for-sale-giza-6-october-city-new-october-city-93526287.html,"استلم فورى شقة164م فـ احياءباديا بمقدم1,148,000فقط",Apartment,First Sale,Apartments for sale in 6 October Compounds | 3 bedroom Apartments for sale in 6 October Compounds | 2 bedroom Apartments for sale in 6 October Compounds | Apartments for sale in Hadayek October | Apartments for sale in Cairo Alexandria Desert Road,2296000.0,14000,164,3,2,Installments,1148000.0,Under Construction,
Property Finder,Unknown,https://www.propertyfinder.eg/en/plp/buy/apartment-for-sale-giza-6-october-city-new-october-city-93526296.html,شقة للبيع احياء بادياأكتوبر الجديدةلقطه دور اول,Apartment,First Sale,Apartments for sale in 6 October Compounds | 3 bedroom Apartments for sale in 6 October Compounds | 2 bedroom Apartments for sale in 6 October Compounds | Apartments for sale in Hadayek October | Apartments for sale in Cairo Alexandria Desert Road,2175000.0,14500,150,3,2,Installments,500000.0,Offplan,
Property Finder,Unknown,https://www.propertyfinder.eg/en/plp/buy/apartment-for-sale-giza-6-october-city-new-october-city-94922938.html,شقة للبيع احياء باديةأكتوبر الجديدةلقطةاستلام فورى,Apartment,First Sale,Apartments for sale in 6 October Compounds | 3 bedroom Apartments for sale in 6 October Compounds | 2 bedroom Apartments for sale in 6 October Compounds | Apartments for sale in Hadayek October | Apartments for sale in Cairo Alexandria Desert Road,2730000.0,15000,182,3,3,Installments,1365000.0,Under Construction,
Property Finder,Unknown,https://www.propertyfinder.eg/en/plp/buy/apartment-for-sale-giza-6-october-city-new-october-city-97445597.html,كمبوند علي طريق الواحات قسط براحتك علي 12 سنه,Apartment,First Sale,2 bedroom Apartments for sale in New October City | Apartments for sale in 6 October Compounds | 2 bedroom Apartments for sale in 6 October Compounds | Apartments for sale in Hadayek October | Apartments for sale in Cairo Alexandria Desert Road,1900000.0,19000,100,2,1,Installments,190000.0,Offplan,
Property Finder,Unknown,https://www.propertyfinder.eg/en/plp/buy/apartment-for-sale-giza-6-october-city-new-october-city-new-october-city-compounds-69566150.html,Apartment for Sale in Boulevard Area,Apartment,,Properties for sale in New October City compounds | Properties for sale in New Uptown October | Land for sale in New Uptown October | Villas for sale in New Uptown October | Apartments for sale in New Uptown October,4000000.0,41666,96,2,2,Cash,,Under Construction,
Property Finder,Unknown,https://www.propertyfinder.eg/en/plp/buy/apartment-for-sale-giza-6-october-city-new-october-city-new-october-city-compounds-8641648.html,Itlalah Compound New october,Apartment,Resale,Properties for sale in New October City compounds | Properties for sale in New Uptown October | Land for sale in New Uptown October | Villas for sale in New Uptown October | Apartments for sale in New Uptown October,2000000.0,20000,100,2,1,Installments,250000.0,Offplan,
Property Finder,Unknown,https://www.propertyfinder.eg/en/plp/buy/apartment-for-sale-giza-6-october-city-new-october-city-new-october-city-compounds-92973843.html,امتلك استديو فيو لاند سكيب امام جامعه MSA,Apartment,First Sale,Properties for sale in New Uptown October | Land for sale in New Uptown October | Villas for sale in New Uptown October | Apartments for sale in New Uptown October | 3 bedroom Apartments for sale in New Uptown October,1691280.0,31320,54,,1,Installments,169000.0,Offplan,
Property Finder,Unknown,https://www.propertyfinder.eg/en/plp/buy/apartment-for-sale-giza-6-october-city-new-october-city-new-uptown-october-100645377.html,Own an apartment in Fiori Compound,Apartment,First Sale,Properties for sale in New Uptown October | Land for sale in New Uptown October | Villas for sale in New Uptown October | Properties for sale in New October City compounds | Apartments for sale in New Uptown October,2730000.0,26000,105,2,1,Installments,273000.0,Offplan,
Property Finder,Unknown,https://www.propertyfinder.eg/en/plp/buy/apartment-for-sale-giza-6-october-city-new-october-city-new-uptown-october-101210726.html,للبيع شقة 154م ارضي بجاردن 146استلام سنه ونص,Apartment,,Land for sale in New Uptown October | Villas for sale in New Uptown October | Properties for sale in New October City compounds | Apartments for sale in New Uptown October | 3 bedroom Apartments for sale in New Uptown October,2684000.0,17428,154,3,3,Installments,600000.0,Under Construction,
Property Finder,Unknown,https://www.propertyfinder.eg/en/plp/buy/apartment-for-sale-giza-6-october-city-new-october-city-new-uptown-october-102899496.html,شقة للبيع احياء بادياأكتوبر الجديدةلقطةدور اول,Apartment,First Sale,Land for sale in New Uptown October | Villas for sale in New Uptown October | Properties for sale in New October City compounds | Apartments for sale in New Uptown October | 3 bedroom Apartments for sale in New Uptown October,2175000.0,14500,150,3,2,Installments,500.0,Offplan,
Property Finder,Unknown,https://www.propertyfinder.eg/en/plp/buy/apartment-for-sale-giza-6-october-city-new-october-city-new-uptown-october-103469576.html,احياءبادياأكتوبر الجديدةامتلك وحدتك وقسط حتي5سنين,Apartment,First Sale,Land for sale in New Uptown October | Villas for sale in New Uptown October | Properties for sale in New October City compounds | Apartments for sale in New Uptown October | 3 bedroom Apartments for sale in New Uptown October,3537000.0,13500,262,4,2,Installments,500000.0,Offplan,
Property Finder,Unknown,https://www.propertyfinder.eg/en/plp/buy/apartment-for-sale-giza-6-october-city-new-october-city-new-uptown-october-103469611.html,**شقة للبيع – احياء بادياأكتوبر الجديدة**,Apartment,First Sale,Land for sale in New Uptown October | Villas for sale in New Uptown October | Properties for sale in New October City compounds | Apartments for sale in New Uptown October | 3 bedroom Apartments for sale in New Uptown October,2296000.0,14000,164,3,2,Installments,1148000.0,Under Construction,
Property Finder,Unknown,https://www.propertyfinder.eg/en/plp/buy/apartment-for-sale-giza-6-october-city-new-october-city-new-uptown-october-105730287.html,بمقدم 750الف فقط هتقدر تعاين شقتك في اول حي فيلات,Apartment,,Land for sale in New Uptown October | Villas for sale in New Uptown October | Properties for sale in New October City compounds | Apartments for sale in New Uptown October | 3 bedroom Apartments for sale in New Uptown October,3036000.0,17250,176,3,3,Installments,750000.0,Under Construction,
Property Finder,Unknown,https://www.propertyfinder.eg/en/plp/buy/apartment-for-sale-giza-6-october-city-new-october-city-new-uptown-october-107396946.html,Own a luxurious 164 sqm apartment now in the Fiori,Apartment,First Sale,Land for sale in New Uptown October | Villas for sale in New Uptown October | Properties for sale in New October City compounds | Apartments for sale in New Uptown October | 3 bedroom Apartments for sale in New Uptown October,4676000.0,28512,164,3,3,Installments,467600.0,Offplan,
Property Finder,Unknown,https://www.propertyfinder.eg/en/plp/buy/apartment-for-sale-giza-6-october-city-new-october-city-new-uptown-october-108795343.html,Special Opportunity at Fiore Project – Book Now Be,Apartment,First Sale,Land for sale in New Uptown October | Villas for sale in New Uptown October | Properties for sale in New October City compounds | Apartments for sale in New Uptown October | 3 bedroom Apartments for sale in New Uptown October,4380000.0,30000,146,3,2,Installments,438000.0,Offplan,
Property Finder,Unknown,https://www.propertyfinder.eg/en/plp/buy/apartment-for-sale-giza-6-october-city-new-october-city-new-uptown-october-111309184.html,Prime deal apt 195m Zewail St ready 10y plan 3.8M,Apartment,First Sale,Land for sale in New Uptown October | Villas for sale in New Uptown October | Properties for sale in New October City compounds | Apartments for sale in New Uptown October | 3 bedroom Apartments for sale in New Uptown October,3800000.0,19487,195,3,2,Installments,,ready,
Property Finder,Unknown,https://www.propertyfinder.eg/en/plp/buy/apartment-for-sale-giza-6-october-city-new-october-city-new-uptown-october-114082938.html,شقة للبيع في UPTOWN أكتوبر الجديدة بتسهيلات مميزه,Apartment,First Sale,Apartments for sale in Giza | 6 October City | New October City | New Uptown October | Uptown 6 October Development,4000000.0,23529,170,3,2,Installments,600000.0,Offplan,
Property Finder,Unknown,https://www.propertyfinder.eg/en/plp/buy/apartment-for-sale-giza-6-october-city-new-october-city-new-uptown-october-2PeTzNNF7bM.html,احجز شقتك 154م بمقدم 600 الف وقسط شهري 17 الف,Apartment,First Sale,Apartments for sale in Giza | 6 October City | New October City | New Uptown October | Uptown 6 October Development,3080000.0,20000,154,3,3,Installments,600000.0,Offplan,
Property Finder,Unknown,https://www.propertyfinder.eg/en/plp/buy/apartment-for-sale-giza-6-october-city-new-october-city-new-uptown-october-2PeUIMVlX9M.html,شقتك176م بمقدم 600الف وقسط شهري 24الف,Apartment,First Sale,Apartments for sale in Giza | 6 October City | New October City | New Uptown October | Uptown 6 October Development,3124000.0,17750,176,3,3,Installments,600000.0,Offplan,
Property Finder,Unknown,https://www.propertyfinder.eg/en/plp/buy/apartment-for-sale-giza-6-october-city-new-october-city-new-uptown-october-61688316.html,اسكان اجتماعي فاخر - بموقع ممتاز - إطلالة,Apartment,First Sale,Land for sale in New Uptown October | Villas for sale in New Uptown October | Properties for sale in New October City compounds | Apartments for sale in New Uptown October | 3 bedroom Apartments for sale in New Uptown October,2800000.0,28000,100,3,2,Installments,325000.0,Offplan,
Property Finder,Unknown,https://www.propertyfinder.eg/en/plp/buy/apartment-for-sale-giza-6-october-city-new-october-city-new-uptown-october-63391119.html,شقتك في اول حي فيلات باكتوبر الجديدة اب تاون,Apartment,First Sale,Land for sale in New Uptown October | Villas for sale in New Uptown October | Properties for sale in New October City compounds | Apartments for sale in New Uptown October | 3 bedroom Apartments for sale in New Uptown October,3176000.0,18045,176,3,3,Installments,600000.0,Offplan,
Property Finder,Unknown,https://www.propertyfinder.eg/en/plp/buy/apartment-for-sale-giza-6-october-city-new-october-city-new-uptown-october-63880444.html,للبيع شقة 176م في اكتوبر الجديدة بحي فيلات راقي,Apartment,First Sale,Land for sale in New Uptown October | Villas for sale in New Uptown October | Properties for sale in New October City compounds | Apartments for sale in New Uptown October | 3 bedroom Apartments for sale in New Uptown October,3212000.0,18250,176,3,3,Installments,600000.0,Offplan,
Property Finder,Unknown,https://www.propertyfinder.eg/en/plp/buy/apartment-for-sale-giza-6-october-city-new-october-city-new-uptown-october-63880753.html,شقة للبيع 170م داخل كمبوند Uptown أكتوبر الجديدة,Apartment,First Sale,Land for sale in New Uptown October | Villas for sale in New Uptown October | Properties for sale in New October City compounds | Apartments for sale in New Uptown October | 3 bedroom Apartments for sale in New Uptown October,3250000.0,19117,170,3,2,Installments,600000.0,Offplan,
Property Finder,Unknown,https://www.propertyfinder.eg/en/plp/buy/apartment-for-sale-giza-6-october-city-new-october-city-new-uptown-october-72439820.html,معاك600 ألف مقدم وقسط شهري 19 ألف تقدر تمتلك شقتك,Apartment,First Sale,Land for sale in New Uptown October | Villas for sale in New Uptown October | Properties for sale in New October City compounds | Apartments for sale in New Uptown October | 3 bedroom Apartments for sale in New Uptown October,3175000.0,18039,176,3,3,Installments,600000.0,Offplan,
Property Finder,Unknown,https://www.propertyfinder.eg/en/plp/buy/apartment-for-sale-giza-6-october-city-new-october-city-new-uptown-october-72440371.html,شقتك 154م ارضي بجاردن خاص 145م داخل فيلا,Apartment,First Sale,Land for sale in New Uptown October | Villas for sale in New Uptown October | Properties for sale in New October City compounds | Apartments for sale in New Uptown October | 3 bedroom Apartments for sale in New Uptown October,2930000.0,19025,154,3,3,Installments,700000.0,Offplan,
Property Finder,Unknown,https://www.propertyfinder.eg/en/plp/buy/apartment-for-sale-giza-6-october-city-new-october-city-new-uptown-october-75405978.html,شقتك 350 الف مقدم وتقسيط حتي 7 سنوت,Apartment,First Sale,Land for sale in New Uptown October | Villas for sale in New Uptown October | Properties for sale in New October City compounds | Apartments for sale in New Uptown October | 3 bedroom Apartments for sale in New Uptown October,2930000.0,19025,154,3,3,Installments,350000.0,Under Construction,
Property Finder,Unknown,https://www.propertyfinder.eg/en/plp/buy/apartment-for-sale-giza-6-october-city-new-october-city-new-uptown-october-76224944.html,شقه للبيع 176م نصف تشطيب في حي أب تاون,Apartment,First Sale,Land for sale in New Uptown October | Villas for sale in New Uptown October | Properties for sale in New October City compounds | Apartments for sale in New Uptown October | 3 bedroom Apartments for sale in New Uptown October,3176000.0,18045,176,3,3,Installments,600000.0,Offplan,
Property Finder,Unknown,https://www.propertyfinder.eg/en/plp/buy/apartment-for-sale-giza-6-october-city-new-october-city-new-uptown-october-76224955.html,شقه 154م ارضي بجاردن للبيع ف حي اب تاون,Apartment,First Sale,Land for sale in New Uptown October | Villas for sale in New Uptown October | Properties for sale in New October City compounds | Apartments for sale in New Uptown October | 3 bedroom Apartments for sale in New Uptown October,2838000.0,18428,154,3,3,Installments,600000.0,Offplan,
Property Finder,Unknown,https://www.propertyfinder.eg/en/plp/buy/apartment-for-sale-giza-6-october-city-new-october-city-new-uptown-october-76224996.html,شقه 176م اوبن فيو في اب تاون اكتوبر الجديده,Apartment,First Sale,Land for sale in New Uptown October | Villas for sale in New Uptown October | Properties for sale in New October City compounds | Apartments for sale in New Uptown October | 3 bedroom Apartments for sale in New Uptown October,3212000.0,18250,176,3,3,Installments,450000.0,Offplan,
Property Finder,Unknown,https://www.propertyfinder.eg/en/plp/buy/apartment-for-sale-giza-6-october-city-new-october-city-new-uptown-october-76234033.html,شقة للبيع Uptown أكتوبر الجديدةتقسيط حتي 7 سنين,Apartment,First Sale,Land for sale in New Uptown October | Villas for sale in New Uptown October | Properties for sale in New October City compounds | Apartments for sale in New Uptown October | 3 bedroom Apartments for sale in New Uptown October,3269200.0,18575,176,3,3,Installments,600000.0,Offplan,
Property Finder,Unknown,https://www.propertyfinder.eg/en/plp/buy/apartment-for-sale-giza-6-october-city-new-october-city-new-uptown-october-76239058.html,للبيع شقةلقطةفى اب تاون بمقدم 350الف فقط حتى7سنين,Apartment,First Sale,Land for sale in New Uptown October | Villas for sale in New Uptown October | Properties for sale in New October City compounds | Apartments for sale in New Uptown October | 3 bedroom Apartments for sale in New Uptown October,3552000.0,18122,196,3,3,Installments,350000.0,Offplan,
Property Finder,Unknown,https://www.propertyfinder.eg/en/plp/buy/apartment-for-sale-giza-6-october-city-new-october-city-new-uptown-october-76239067.html,الحق شقة لقطة فقط بــ 3مليون و212الف قسط حتي 7سنين,Apartment,First Sale,Land for sale in New Uptown October | Villas for sale in New Uptown October | Properties for sale in New October City compounds | Apartments for sale in New Uptown October | 3 bedroom Apartments for sale in New Uptown October,3269200.0,18575,176,3,3,Installments,600000.0,Offplan,
Property Finder,Unknown,https://www.propertyfinder.eg/en/plp/buy/apartment-for-sale-giza-6-october-city-new-october-city-new-uptown-october-76239087.html,ارضى بجاردن لقطةبــ 3مليون شامل الخدمات كاش اوتقسط,Apartment,First Sale,Land for sale in New Uptown October | Villas for sale in New Uptown October | Properties for sale in New October City compounds | Apartments for sale in New Uptown October | 3 bedroom Apartments for sale in New Uptown October,2838000.0,18428,154,3,3,Installments,600000.0,Offplan,
Property Finder,Unknown,https://www.propertyfinder.eg/en/plp/buy/apartment-for-sale-giza-6-october-city-new-october-city-new-uptown-october-7664952.html,شقة 170م للبيع ف Uptown أكتوبر كمبوند كامل الخدمات,Apartment,First Sale,Land for sale in New Uptown October | Villas for sale in New Uptown October | Properties for sale in New October City compounds | Apartments for sale in New Uptown October | 3 bedroom Apartments for sale in New Uptown October,3130000.0,18411,170,3,2,Installments,600000.0,Offplan,
Property Finder,Unknown,https://www.propertyfinder.eg/en/plp/buy/apartment-for-sale-giza-6-october-city-new-october-city-new-uptown-october-7674932.html,شقة أرضي بجاردن للبيع في Uptown أكتوبر الجديدة,Apartment,First Sale,Land for sale in New Uptown October | Villas for sale in New Uptown October | Properties for sale in New October City compounds | Apartments for sale in New Uptown October | 3 bedroom Apartments for sale in New Uptown October,3954300.0,23260,170,3,2,Installments,766000.0,Offplan,
Property Finder,Unknown,https://www.propertyfinder.eg/en/plp/buy/apartment-for-sale-giza-6-october-city-new-october-city-new-uptown-october-7694252.html,فرصة حقيقيةللسكن أو الاستثمار إمتلك شقة مع جاردن,Apartment,,Land for sale in New Uptown October | Villas for sale in New Uptown October | Properties for sale in New October City compounds | Apartments for sale in New Uptown October | 3 bedroom Apartments for sale in New Uptown October,3954300.0,23260,170,3,2,Installments,,Offplan,
Property Finder,Unknown,https://www.propertyfinder.eg/en/plp/buy/apartment-for-sale-giza-6-october-city-new-october-city-new-uptown-october-7959142.html,شقة فاخره 170م للبيع – Uptown اكتوبر,Apartment,First Sale,Land for sale in New Uptown October | Villas for sale in New Uptown October | Properties for sale in New October City compounds | Apartments for sale in New Uptown October | 3 bedroom Apartments for sale in New Uptown October,3130000.0,18411,170,3,2,Installments,600000.0,Offplan,
Property Finder,Unknown,https://www.propertyfinder.eg/en/plp/buy/apartment-for-sale-giza-6-october-city-new-october-city-new-uptown-october-8033294.html,امتلك شقة أرضي بجاردن مميزة داخل كمبوند Uptown,Apartment,First Sale,Land for sale in New Uptown October | Villas for sale in New Uptown October | Properties for sale in New October City compounds | Apartments for sale in New Uptown October | 3 bedroom Apartments for sale in New Uptown October,3100000.0,18235,170,3,2,Installments,600000.0,Offplan,
Property Finder,Unknown,https://www.propertyfinder.eg/en/plp/buy/apartment-for-sale-giza-6-october-city-new-october-city-new-uptown-october-80781113.html,بمقدم 350الف فقط ارضى183م بجاردن122م تقسيط 7سنين,Apartment,First Sale,Land for sale in New Uptown October | Villas for sale in New Uptown October | Properties for sale in New October City compounds | Apartments for sale in New Uptown October | 3 bedroom Apartments for sale in New Uptown October,3422500.0,18702,183,3,3,Installments,350000.0,Offplan,
Property Finder,Unknown,https://www.propertyfinder.eg/en/plp/buy/apartment-for-sale-giza-6-october-city-new-october-city-new-uptown-october-8205067.html,شقة أرضي بجاردن للبيع في Uptown – أكتوبر الجديدة,Apartment,First Sale,Land for sale in New Uptown October | Villas for sale in New Uptown October | Properties for sale in New October City compounds | Apartments for sale in New Uptown October | 3 bedroom Apartments for sale in New Uptown October,3130000.0,18411,170,3,3,Installments,600000.0,Offplan,
Property Finder,Unknown,https://www.propertyfinder.eg/en/plp/buy/apartment-for-sale-giza-6-october-city-new-october-city-new-uptown-october-8443191.html,شقتك بمقدم 600 الف بقسط يبدأ من 24.000 الف,Apartment,First Sale,Land for sale in New Uptown October | Villas for sale in New Uptown October | Properties for sale in New October City compounds | Apartments for sale in New Uptown October | 3 bedroom Apartments for sale in New Uptown October,3080000.0,17500,176,3,3,Installments,600000.0,Offplan,
Property Finder,Unknown,https://www.propertyfinder.eg/en/plp/buy/apartment-for-sale-giza-6-october-city-new-october-city-new-uptown-october-8443685.html,للبيع شقة 154م مع جاردن خاص 146م بقسط شهري 19 الف,Apartment,First Sale,Land for sale in New Uptown October | Villas for sale in New Uptown October | Properties for sale in New October City compounds | Apartments for sale in New Uptown October | 3 bedroom Apartments for sale in New Uptown October,2684000.0,17428,154,3,3,Installments,650000.0,Offplan,
Property Finder,Unknown,https://www.propertyfinder.eg/en/plp/buy/apartment-for-sale-giza-6-october-city-new-october-city-new-uptown-october-84508862.html,**شقة للبيع -احياءيا أكتوبر الجديدة** لقطه دور اول,Apartment,First Sale,Land for sale in New Uptown October | Villas for sale in New Uptown October | Properties for sale in New October City compounds | Apartments for sale in New Uptown October | 3 bedroom Apartments for sale in New Uptown October,2175000.0,14500,150,3,3,Installments,500000.0,Offplan,
Property Finder,Unknown,https://www.propertyfinder.eg/en/plp/buy/apartment-for-sale-giza-6-october-city-new-october-city-new-uptown-october-84788759.html,امتلك بمقدم500الف فقط ارضي بجاردن واطول فتره سداد,Apartment,First Sale,Land for sale in New Uptown October | Villas for sale in New Uptown October | Properties for sale in New October City compounds | Apartments for sale in New Uptown October | 3 bedroom Apartments for sale in New Uptown October,3537000.0,13500,262,3,3,Installments,500000.0,Offplan,
Property Finder,Unknown,https://www.propertyfinder.eg/en/plp/buy/apartment-for-sale-giza-6-october-city-new-october-city-new-uptown-october-84791984.html,ادفع 750 الف واستلم شقتك في قلب اب تاون اكتوبر,Apartment,First Sale,Land for sale in New Uptown October | Villas for sale in New Uptown October | Properties for sale in New October City compounds | Apartments for sale in New Uptown October | 3 bedroom Apartments for sale in New Uptown October,3036000.0,17250,176,3,3,Installments,750000.0,Offplan,
Property Finder,Unknown,https://www.propertyfinder.eg/en/plp/buy/apartment-for-sale-giza-6-october-city-new-october-city-new-uptown-october-8485952.html,فرصتك تسكن في أول حي فيلات في أكتوبر الجديدة,Apartment,First Sale,Land for sale in New Uptown October | Villas for sale in New Uptown October | Properties for sale in New October City compounds | Apartments for sale in New Uptown October | 3 bedroom Apartments for sale in New Uptown October,2761000.0,17928,154,3,3,Installments,650000.0,Offplan,
Property Finder,Unknown,https://www.propertyfinder.eg/en/plp/buy/apartment-for-sale-giza-6-october-city-new-october-city-new-uptown-october-8495417.html,احجز شقتك باول حي فيلات باكتوبر الجديدة,Apartment,First Sale,Land for sale in New Uptown October | Villas for sale in New Uptown October | Properties for sale in New October City compounds | Apartments for sale in New Uptown October | 3 bedroom Apartments for sale in New Uptown October,2948000.0,16750,176,3,3,Installments,600000.0,Offplan,
Property Finder,Unknown,https://www.propertyfinder.eg/en/plp/buy/apartment-for-sale-giza-6-october-city-new-october-city-new-uptown-october-85061912.html,الحق امتلك بمقدم 500 الف فقط واطول فتره سداد,Apartment,First Sale,Land for sale in New Uptown October | Villas for sale in New Uptown October | Properties for sale in New October City compounds | Apartments for sale in New Uptown October | 3 bedroom Apartments for sale in New Uptown October,2175000.0,14500,150,3,3,Installments,500000.0,Offplan,
Property Finder,Unknown,https://www.propertyfinder.eg/en/plp/buy/apartment-for-sale-giza-6-october-city-new-october-city-new-uptown-october-8562052.html,شقة فاخره للبيع 170م كمبوند Uptown أكتوبر الجديدة,Apartment,First Sale,Land for sale in New Uptown October | Villas for sale in New Uptown October | Properties for sale in New October City compounds | Apartments for sale in New Uptown October | 3 bedroom Apartments for sale in New Uptown October,3250000.0,19117,170,3,2,Installments,600000.0,Offplan,
Property Finder,Unknown,https://www.propertyfinder.eg/en/plp/buy/apartment-for-sale-giza-6-october-city-new-october-city-new-uptown-october-8601349.html,في موقع استراتيجي شقتك في اول حي فيلات باكتوبر,Apartment,,Land for sale in New Uptown October | Villas for sale in New Uptown October | Properties for sale in New October City compounds | Apartments for sale in New Uptown October | 3 bedroom Apartments for sale in New Uptown October,3124000.0,17750,176,3,3,Installments,600000.0,Under Construction,
Property Finder,Unknown,https://www.propertyfinder.eg/en/plp/buy/apartment-for-sale-giza-6-october-city-new-october-city-new-uptown-october-8601547.html,بمقدم 600الف وقسط شهري 20 الف امتلك شقتك,Apartment,First Sale,Land for sale in New Uptown October | Villas for sale in New Uptown October | Properties for sale in New October City compounds | Apartments for sale in New Uptown October | 3 bedroom Apartments for sale in New Uptown October,2838000.0,18428,154,3,3,Installments,600000.0,Offplan,
Property Finder,Unknown,https://www.propertyfinder.eg/en/plp/buy/apartment-for-sale-giza-6-october-city-new-october-city-new-uptown-october-8636476.html,لبيع شقة176م بمقدم 600 الف وقسط شهري 25 الف,Apartment,First Sale,Land for sale in New Uptown October | Villas for sale in New Uptown October | Properties for sale in New October City compounds | Apartments for sale in New Uptown October | 3 bedroom Apartments for sale in New Uptown October,31040000.0,176363,176,3,3,Installments,,Offplan,
Property Finder,Unknown,https://www.propertyfinder.eg/en/plp/buy/apartment-for-sale-giza-6-october-city-new-october-city-new-uptown-october-8693891.html,Luxury Social Housing – Prime Location – Itlalah,Apartment,First Sale,Land for sale in New Uptown October | Villas for sale in New Uptown October | Properties for sale in New October City compounds | Apartments for sale in New Uptown October | 3 bedroom Apartments for sale in New Uptown October,3000000.0,30000,100,3,2,Installments,325000.0,Offplan,
Property Finder,Unknown,https://www.propertyfinder.eg/en/plp/buy/apartment-for-sale-giza-6-october-city-new-october-city-new-uptown-october-91863442.html,شقة 164م استلام فوري في أكتوبر الجديدة بتقسيط,Apartment,First Sale,Land for sale in New Uptown October | Villas for sale in New Uptown October | Properties for sale in New October City compounds | Apartments for sale in New Uptown October | 3 bedroom Apartments for sale in New Uptown October,2296000.0,14000,164,3,3,Installments,1148000.0,Under Construction,
Property Finder,Unknown,https://www.propertyfinder.eg/en/plp/buy/apartment-for-sale-giza-6-october-city-new-october-city-new-uptown-october-93526266.html,شقتك 175م في اب تاون اكتوبر استلام سنه ونص,Apartment,First Sale,Land for sale in New Uptown October | Villas for sale in New Uptown October | Properties for sale in New October City compounds | Apartments for sale in New Uptown October | 3 bedroom Apartments for sale in New Uptown October,3036000.0,17250,176,3,3,Installments,750000.0,Offplan,
Property Finder,Unknown,https://www.propertyfinder.eg/en/plp/buy/apartment-for-sale-giza-6-october-city-new-october-city-new-uptown-october-95756136.html,شقه للبيع ارضي بجاردن 3 غرف 170 متر + 100 متر ج,Apartment,First Sale,Land for sale in New Uptown October | Villas for sale in New Uptown October | Properties for sale in New October City compounds | Apartments for sale in New Uptown October | 3 bedroom Apartments for sale in New Uptown October,3860000.0,22705,170,3,3,Installments,386000.0,Offplan,
Property Finder,Unknown,https://www.propertyfinder.eg/en/plp/buy/apartment-for-sale-giza-6-october-city-new-october-city-new-uptown-october-95756191.html,شقه للبيع 3 غرف في كمبوند اب تاون بمقدم 337 الف,Apartment,First Sale,Land for sale in New Uptown October | Villas for sale in New Uptown October | Properties for sale in New October City compounds | Apartments for sale in New Uptown October | 3 bedroom Apartments for sale in New Uptown October,3375000.0,19852,170,3,3,Installments,337500.0,Offplan,
Property Finder,Unknown,https://www.propertyfinder.eg/en/plp/buy/apartment-for-sale-giza-sheikh-zayed-city-12th-district-the-address-112430205.html,Ready Aprt Super Lux Remaining Balance Installment,Apartment,First Sale,Apartments for sale in Giza | Sheikh Zayed City,5913000.0,27502,215,3,3,Installments,,Ready,
Property Finder,Unknown,https://www.propertyfinder.eg/en/plp/buy/apartment-for-sale-giza-sheikh-zayed-city-16th-district-karma-residence-111877398.html,Super Lux Apt 185m+Garden 63m-0%DP up to 10Yr Plan,Apartment,First Sale,Apartments for sale in Giza | Sheikh Zayed City,3000000.0,35294,85,3,3,Cash,,,
Property Finder,Unknown,https://www.propertyfinder.eg/en/plp/buy/apartment-for-sale-giza-sheikh-zayed-city-16th-district-karma-residence-112711766.html,Karma Kay Apartment for Sale – Sheikh Zayed,Apartment,,Apartments for sale in Giza | Sheikh Zayed City,8600000.0,64179,134,2,2,Installments,,Offplan,
Property Finder,Unknown,https://www.propertyfinder.eg/en/plp/buy/apartment-for-sale-giza-sheikh-zayed-city-16th-district-karma-residence-112985874.html,Move-In-Ready Apartment in Old Zayed over years,Apartment,First Sale,Apartments for sale in Giza | Sheikh Zayed City,2725000.0,14494,188,3,3,Installments,,Ready,
Property Finder,Unknown,https://www.propertyfinder.eg/en/plp/buy/apartment-for-sale-giza-sheikh-zayed-city-16th-district-karma-residence-113255983.html,RTM finished luxury APT 205m+148m garden in zayed,Apartment,First Sale,Apartments for sale in Giza | Sheikh Zayed City,6450000.0,31463,205,3,3,Installments,,,
Property Finder,Unknown,https://www.propertyfinder.eg/en/plp/buy/apartment-for-sale-giza-sheikh-zayed-city-1st-district-110753573.html,Own your Zayed apartment near Hyper with 10%DP/10Y,Apartment,First Sale,Villas for sale in Sheikh Zayed Compounds | Townhouses for sale in Sheikh Zayed Compounds | Apartments for sale in Sheikh Zayed Compounds | 3 bedroom Apartments for sale in Sheikh Zayed Compounds | 2 bedroom Apartments for sale in Sheikh Zayed Compounds,3496500.0,19425,180,3,3,Installments,,,
Property Finder,Unknown,https://www.propertyfinder.eg/en/plp/buy/apartment-for-sale-giza-sheikh-zayed-city-1st-district-111028917.html,"RTM finished APT, prime zayed loc-Zed Towers view",Apartment,First Sale,Villas for sale in Sheikh Zayed Compounds | Townhouses for sale in Sheikh Zayed Compounds | Apartments for sale in Sheikh Zayed Compounds | 3 bedroom Apartments for sale in Sheikh Zayed Compounds | 2 bedroom Apartments for sale in Sheikh Zayed Compounds,5913000.0,27502,215,3,3,Installments,,,
Property Finder,Unknown,https://www.propertyfinder.eg/en/plp/buy/apartment-for-sale-giza-sheikh-zayed-city-6th-district-greens-111029197.html,"RTM finished APT, prime zayed loc-Zed Towers view",Apartment,First Sale,Apartments for sale in Giza | Sheikh Zayed City,5913000.0,27502,215,3,3,Installments,,,
Property Finder,Unknown,https://www.propertyfinder.eg/en/plp/buy/apartment-for-sale-giza-sheikh-zayed-city-6th-district-zayed-dunes-109633026.html,ZERO DP|180m Finished Apt ZED View| up to 10y inst,Apartment,First Sale,Apartments for sale in Giza | Sheikh Zayed City,3496500.0,19425,180,3,3,Installments,,,
Property Finder,Unknown,https://www.propertyfinder.eg/en/plp/buy/apartment-for-sale-giza-sheikh-zayed-city-6th-district-zayed-dunes-110737133.html,A spacious 198 sqm apartment in a prime location,Apartment,,Apartments for sale in Giza | Sheikh Zayed City,9800000.0,49494,198,3,2,Cash,,,
Property Finder,Unknown,https://www.propertyfinder.eg/en/plp/buy/apartment-for-sale-giza-sheikh-zayed-city-6th-district-zayed-dunes-111630497.html,Finished 153m APT with ACs in Old Zayed. Book now,Apartment,First Sale,Apartments for sale in Giza | Sheikh Zayed City,4550000.0,75833,60,3,3,Installments,,ready,
Property Finder,Unknown,https://www.propertyfinder.eg/en/plp/buy/apartment-for-sale-giza-sheikh-zayed-city-6th-district-zayed-dunes-111881294.html,Garden apt with 45% discount & 10yr plan in Dunes,Apartment,First Sale,Apartments for sale in Giza | Sheikh Zayed City,3200000.0,17204,186,3,3,Cash,,,
Property Finder,Unknown,https://www.propertyfinder.eg/en/plp/buy/apartment-for-sale-giza-sheikh-zayed-city-6th-district-zayed-dunes-111892548.html,Finished Apt 173m lowest price in Sheikh Zayed/10y,Apartment,First Sale,Apartments for sale in Giza | Sheikh Zayed City,6385500.0,36910,173,3,3,Installments,,,
Property Finder,Unknown,https://www.propertyfinder.eg/en/plp/buy/apartment-for-sale-giza-sheikh-zayed-city-6th-district-zayed-dunes-112707485.html,Move-In-Ready Apartment in Old Zayed over years,Apartment,First Sale,Apartments for sale in Giza | Sheikh Zayed City,2725000.0,14494,188,3,3,Installments,,Ready,
Property Finder,Unknown,https://www.propertyfinder.eg/en/plp/buy/apartment-for-sale-giza-sheikh-zayed-city-6th-district-zayed-dunes-112711604.html,Largest garden area and hotel-style finishing,Apartment,,Apartments for sale in Giza | Sheikh Zayed City,10000000.0,59880,167,3,3,Cash,,,
Property Finder,Unknown,https://www.propertyfinder.eg/en/plp/buy/apartment-for-sale-giza-sheikh-zayed-city-6th-district-zayed-dunes-112974676.html,Apt+garden 255m on Dahshur Link near Beverly Hills,Apartment,First Sale,Apartments for sale in Giza | Sheikh Zayed City,5000000.0,26881,186,4,4,Installments,,Offplan,
Property Finder,Unknown,https://www.propertyfinder.eg/en/plp/buy/apartment-for-sale-giza-sheikh-zayed-city-6th-district-zayed-dunes-113262212.html,"167m Apartment Near Al Ahly Club, 20% Cash Discond",Apartment,First Sale,Apartments for sale in Giza | Sheikh Zayed City,5000000.0,29940,167,3,3,Installments,,,
Property Finder,Unknown,https://www.propertyfinder.eg/en/plp/buy/apartment-for-sale-giza-sheikh-zayed-city-6th-district-zayed-dunes-113538714.html,ground apartment corner finished - Zayed Dunes,Apartment,,Apartments for sale in Giza | Sheikh Zayed City,9900000.0,72794,136,2,2,Cash,,,
Property Finder,Unknown,https://www.propertyfinder.eg/en/plp/buy/apartment-for-sale-giza-sheikh-zayed-city-7th-district-green-residence-1-110753579.html,Own your Zayed apartment near Hyper with 10%DP/10Y,Apartment,First Sale,Apartments for sale in Giza | Sheikh Zayed City,3496500.0,19425,180,3,3,Installments,,,
Property Finder,Unknown,https://www.propertyfinder.eg/en/plp/buy/apartment-for-sale-giza-sheikh-zayed-city-8th-district-green-residence-2-106017702.html,Own your Zayed apartment near Hyper with 10%DP/10Y,Apartment,First Sale,Apartments for sale in Giza | Sheikh Zayed City,3496500.0,19425,180,3,3,Installments,,,
Property Finder,Unknown,https://www.propertyfinder.eg/en/plp/buy/apartment-for-sale-giza-sheikh-zayed-city-8th-district-green-residence-2-113255987.html,RTM finished luxury APT 205m+148m garden in zayed,Apartment,First Sale,Apartments for sale in Giza | Sheikh Zayed City,6450000.0,31463,205,3,3,Installments,,,
Property Finder,Unknown,https://www.propertyfinder.eg/en/plp/buy/apartment-for-sale-giza-sheikh-zayed-city-9th-district-al-bostan-st-108520065.html,"RTM finished APT, prime zayed loc-Zed Towers view",Apartment,First Sale,Apartments for sale in Giza | Sheikh Zayed City,5913000.0,27502,215,3,3,Installments,,,
Property Finder,Unknown,https://www.propertyfinder.eg/en/plp/buy/apartment-for-sale-giza-sheikh-zayed-city-ivoire-113528526.html,prime apt 270m prime view + remaining instalments,Apartment,First Sale,4 bedroom Villas for sale in Sheikh Zayed Compounds | Townhouses for sale in Sheikh Zayed Compounds | Apartments for sale in Sheikh Zayed Compounds | 3 bedroom Apartments for sale in Sheikh Zayed Compounds | 2 bedroom Apartments for sale in Sheikh Zayed Compounds,4700000.0,17407,270,4,4,Installments,,Under Construction,
Property Finder,Unknown,https://www.propertyfinder.eg/en/plp/buy/apartment-for-sale-giza-sheikh-zayed-city-namya-west-112430286.html,Ready Aprt Super Lux Remaining Balance Installment,Apartment,First Sale,Villas for sale in Sheikh Zayed Compounds | Townhouses for sale in Sheikh Zayed Compounds | Apartments for sale in Sheikh Zayed Compounds | 3 bedroom Apartments for sale in Sheikh Zayed Compounds | 2 bedroom Apartments for sale in Sheikh Zayed Compounds,5913000.0,27502,215,3,3,Installments,,Ready,
Property Finder,Unknown,https://www.propertyfinder.eg/en/plp/buy/apartment-for-sale-giza-sheikh-zayed-city-namya-west-113526256.html,garden Apartment180m in Zayed + installment 10yrs,Apartment,First Sale,Villas for sale in Sheikh Zayed Compounds | Townhouses for sale in Sheikh Zayed Compounds | Apartments for sale in Sheikh Zayed Compounds | 3 bedroom Apartments for sale in Sheikh Zayed Compounds | 2 bedroom Apartments for sale in Sheikh Zayed Compounds,1000000.0,5555,180,3,3,Installments,,Under Construction,
Property Finder,Unknown,https://www.propertyfinder.eg/en/plp/buy/apartment-for-sale-giza-sheikh-zayed-city-new-zayed-city-karmell-109061947.html,Finished apartment with lowest price in karmell,Apartment,First Sale,Apartments for sale in Giza | Sheikh Zayed City,4500000.0,28301,159,3,3,Cash,,,
Property Finder,Unknown,https://www.propertyfinder.eg/en/plp/buy/apartment-for-sale-giza-sheikh-zayed-city-new-zayed-city-karmell-111029090.html,fully finished apartment resale ready to move,Apartment,Resale,Apartments for sale in Giza | Sheikh Zayed City,9023000.0,73357,123,2,2,Installments,7800000.0,ready to move,
Property Finder,Unknown,https://www.propertyfinder.eg/en/plp/buy/apartment-for-sale-giza-sheikh-zayed-city-new-zayed-city-karmell-112978301.html,Lowest DP 2.4Million APT Landscape View INST,Apartment,,Apartments for sale in Giza | Sheikh Zayed City,2400000.0,27272,88,1,2,Installments,,,
Property Finder,Unknown,https://www.propertyfinder.eg/en/plp/buy/apartment-for-sale-giza-sheikh-zayed-city-new-zayed-city-karmell-113821080.html,Lowest DP3.5 Million APT With Garden 3BR Best View,Apartment,,Apartments for sale in Giza | Sheikh Zayed City,3530000.0,22484,157,3,3,Installments,,,
Property Finder,Unknown,https://www.propertyfinder.eg/en/plp/buy/apartment-for-sale-giza-sheikh-zayed-city-new-zayed-city-marville-new-zayed-111876567.html,apartment fully finished from elmarasem in zayed,Apartment,First Sale,Apartments for sale in Giza | Sheikh Zayed City,2500000.0,26041,96,1,2,Cash,,Offplan,
Property Finder,Unknown,https://www.propertyfinder.eg/en/plp/buy/apartment-for-sale-giza-sheikh-zayed-city-new-zayed-city-solana-113537330.html,0% Down A 3BR by ORA in Zayed Over 10 Years Plan!!,Apartment,First Sale,Apartments for sale in Giza | Sheikh Zayed City,3700000.0,27407,135,3,3,Installments,,Offplan,
Property Finder,Unknown,https://www.propertyfinder.eg/en/plp/buy/apartment-for-sale-giza-sheikh-zayed-city-new-zayed-city-vye-sodic-110747012.html,Apartment prime location with installments,Apartment,First Sale,Apartments for sale in Giza | Sheikh Zayed City,4000000.0,25157,159,3,3,Installments,,Under Construction,
Property Finder,Unknown,https://www.propertyfinder.eg/en/plp/buy/apartment-for-sale-giza-sheikh-zayed-city-new-zayed-city-vye-sodic-111029111.html,FINISHED APT DOUBLE VIEW IN VYEW SODIC - RTM,Apartment,Resale,Apartments for sale in Giza | Sheikh Zayed City,12100000.0,76582,158,3,3,Cash,,Under Construction,
Property Finder,Unknown,https://www.propertyfinder.eg/en/plp/buy/apartment-for-sale-giza-sheikh-zayed-city-new-zayed-city-vye-sodic-111307319.html,finished Garden Duplex 195m - nanny room in Sodic,Apartment,First Sale,Apartments for sale in Giza | Sheikh Zayed City,3000000.0,15384,195,3,3,Cash,,Under Construction,
Property Finder,Unknown,https://www.propertyfinder.eg/en/plp/buy/apartment-for-sale-giza-sheikh-zayed-city-new-zayed-city-vye-sodic-111588900.html,Apartment RTM Ultra Lux Finishing Double View VYE,Apartment,,Apartments for sale in Giza | Sheikh Zayed City,12250000.0,77531,158,3,3,Cash,,Ready to move,
Property Finder,Unknown,https://www.propertyfinder.eg/en/plp/buy/apartment-for-sale-giza-sheikh-zayed-city-new-zayed-city-vye-sodic-111606990.html,Last Ready To Move Fully Finished 4BR APRT / 10Y,Apartment,First Sale,Apartments for sale in Giza | Sheikh Zayed City,19802314.0,123764,160,4,3,Installments,,Ready To Move,
Property Finder,Unknown,https://www.propertyfinder.eg/en/plp/buy/apartment-for-sale-giza-sheikh-zayed-city-new-zayed-city-vye-sodic-111614774.html,Pay 10%-Deliver Your Unit -1st Inst. After 6Months,Apartment,First Sale,Apartments for sale in Giza | Sheikh Zayed City,2500000.0,18518,135,2,2,Installments,,Ready To Move,
Property Finder,Unknown,https://www.propertyfinder.eg/en/plp/buy/apartment-for-sale-giza-sheikh-zayed-city-new-zayed-city-vye-sodic-111615966.html,3B|READY TO MOVE|PRIME LOC & OPEN VIEW|BEST PRICE,Apartment,First Sale,Apartments for sale in Giza | Sheikh Zayed City,5594196.0,35183,159,3,2,Installments,,READY TO MOVE,
Property Finder,Unknown,https://www.propertyfinder.eg/en/plp/buy/apartment-for-sale-giza-sheikh-zayed-city-new-zayed-city-vye-sodic-111879867.html,Luxury apartment ready to move fully finished in s,Apartment,,Apartments for sale in Giza | Sheikh Zayed City,1600000.0,14814,108,2,2,Cash,,ready to move,
Property Finder,Unknown,https://www.propertyfinder.eg/en/plp/buy/apartment-for-sale-giza-sheikh-zayed-city-new-zayed-city-vye-sodic-111889431.html,Under Market Price 171m2 Apart Prime Location View,Apartment,,Apartments for sale in Giza | Sheikh Zayed City,7413000.0,43350,171,2,3,Installments,,Under Construction,
Property Finder,Unknown,https://www.propertyfinder.eg/en/plp/buy/apartment-for-sale-giza-sheikh-zayed-city-new-zayed-city-vye-sodic-112978911.html,Under Market Price Apart 143m2 in Vye Prime View,Apartment,,Apartments for sale in Giza | Sheikh Zayed City,6258000.0,43762,143,3,3,Cash,,Ready To Move,
Property Finder,Unknown,https://www.propertyfinder.eg/en/plp/buy/apartment-for-sale-giza-sheikh-zayed-city-new-zayed-city-vye-sodic-113255799.html,A RTM apartment with North facing orientation,Apartment,,Apartments for sale in Giza | Sheikh Zayed City,12000000.0,75949,158,3,3,Cash,,Ready to Move,
Property Finder,Unknown,https://www.propertyfinder.eg/en/plp/buy/apartment-for-sale-giza-sheikh-zayed-city-new-zayed-city-vye-sodic-113543691.html,Apt + Nany in Vye Open View with DP 1.9M Over 10Y,Apartment,First Sale,Apartments for sale in Giza | Sheikh Zayed City,5400000.0,34177,158,3,3,Installments,,Under Construction,
Property Finder,Unknown,https://www.propertyfinder.eg/en/plp/buy/apartment-for-sale-giza-sheikh-zayed-city-new-zayed-city-vye-sodic-113818988.html,Lowest Price Apartment Prime Location in VYE SODIC,Apartment,,Apartments for sale in Giza | Sheikh Zayed City,4900000.0,45370,108,2,2,Cash,,Under Construction,
Property Finder,Unknown,https://www.propertyfinder.eg/en/plp/buy/apartment-for-sale-giza-sheikh-zayed-city-new-zayed-city-vye-sodic-113821100.html,Resale 2BR APT ready to move w special view in Vye,Apartment,Resale,Apartments for sale in Giza | Sheikh Zayed City,4550000.0,38888,117,2,2,Installments,,ready to move,
Property Finder,Unknown,https://www.propertyfinder.eg/en/plp/buy/apartment-for-sale-giza-sheikh-zayed-city-new-zayed-city-vye-sodic-114087315.html,Lowest Price Ready To Move Apart Prime Location,Apartment,,Apartments for sale in Giza | Sheikh Zayed City,4900000.0,45370,108,2,2,Installments,,Ready To Move,
Property Finder,Unknown,https://www.propertyfinder.eg/en/plp/buy/apartment-for-sale-giza-sheikh-zayed-city-new-zayed-city-westview-residence-111310662.html,Fully Finished 3-Bedroom Apartment in Sheikh Zayed,Apartment,First Sale,Apartments for sale in Giza | Sheikh Zayed City,7200000.0,55384,130,3,2,Installments,360000.0,ready,
Property Finder,Unknown,https://www.propertyfinder.eg/en/plp/buy/apartment-for-sale-giza-sheikh-zayed-city-new-zayed-city-westview-residence-112710130.html,New Release | Lower Prices | Flexible Payment Plan,Apartment,,Apartments for sale in Giza | Sheikh Zayed City,6682000.0,51400,130,3,2,Installments,331400.0,Offplan,
Property Finder,Unknown,https://www.propertyfinder.eg/en/plp/buy/apartment-for-sale-giza-sheikh-zayed-city-riviera-city-bliss-gate-110753589.html,Own your Zayed apartment near Hyper with 10%DP/10Y,Apartment,First Sale,Apartments for sale in Giza | Sheikh Zayed City | Properties for sale in Sheikh Zayed Desert Road | Apartments for sale in Sheikh Zayed Desert Road | 3 bedroom Apartments for sale in Sheikh Zayed Desert Road,3496500.0,19425,180,3,3,Installments,,Under Construction,
Property Finder,Unknown,https://www.propertyfinder.eg/en/plp/buy/apartment-for-sale-giza-sheikh-zayed-city-sheikh-zayed-compounds-al-khamayel-city-107979126.html,Apartment Front View Ready to Move + Roof,Apartment,,Sheikh Zayed City | Sheikh Zayed Compounds | Properties for sale in Zed Towers | Apartments for sale in Zed Towers | 3 bedroom Apartments for sale in Zed Towers,4650000.0,28181,165,3,2,Cash,,Ready to Move,
Property Finder,Unknown,https://www.propertyfinder.eg/en/plp/buy/apartment-for-sale-giza-sheikh-zayed-city-sheikh-zayed-compounds-al-khamayel-city-109068796.html,FullyFinished Apart 165m ReadyToMove No Commission,Apartment,Resale,Sheikh Zayed City | Sheikh Zayed Compounds | Properties for sale in Zed Towers | Apartments for sale in Zed Towers | 3 bedroom Apartments for sale in Zed Towers,3280000.0,19878,165,3,3,Installments,,,
Property Finder,Unknown,https://www.propertyfinder.eg/en/plp/buy/apartment-for-sale-giza-sheikh-zayed-city-sheikh-zayed-compounds-al-khamayel-city-111877776.html,apartment for sale in Al-Khamayl-fully finished,Apartment,,Sheikh Zayed City | Sheikh Zayed Compounds | Properties for sale in Zed Towers | Apartments for sale in Zed Towers | 3 bedroom Apartments for sale in Zed Towers,5450000.0,33030,165,3,2,Cash,,,
Property Finder,Unknown,https://www.propertyfinder.eg/en/plp/buy/apartment-for-sale-giza-sheikh-zayed-city-sheikh-zayed-compounds-al-khamayel-city-112698455.html,FullyFinished190m Apart Over10y with No Commission,Apartment,First Sale,Sheikh Zayed City | Sheikh Zayed Compounds | Properties for sale in Zed Towers | Apartments for sale in Zed Towers | 3 bedroom Apartments for sale in Zed Towers,1550000.0,8157,190,3,3,Installments,,Ready,
Property Finder,Unknown,https://www.propertyfinder.eg/en/plp/buy/apartment-for-sale-giza-sheikh-zayed-city-sheikh-zayed-compounds-al-khamayel-city-112700716.html,Fully Finished 180 m Apt Facing ZED Towers+inst,Apartment,First Sale,Sheikh Zayed City | Sheikh Zayed Compounds | Properties for sale in Zed Towers | Apartments for sale in Zed Towers | 3 bedroom Apartments for sale in Zed Towers,4950000.0,27500,180,3,3,Installments,,Ready to move,
Property Finder,Unknown,https://www.propertyfinder.eg/en/plp/buy/apartment-for-sale-giza-sheikh-zayed-city-sheikh-zayed-compounds-al-khamayel-city-112985542.html,Move-In-Ready Apartment in Old Zayed over years,Apartment,First Sale,Sheikh Zayed City | Sheikh Zayed Compounds | Properties for sale in Zed Towers | Apartments for sale in Zed Towers | 3 bedroom Apartments for sale in Zed Towers,2745000.0,14601,188,3,3,Installments,,Ready,
Property Finder,Unknown,https://www.propertyfinder.eg/en/plp/buy/apartment-for-sale-giza-sheikh-zayed-city-sheikh-zayed-compounds-al-rabwa-109069235.html,FullyFinished Apart 165m ReadyToMove No Commission,Apartment,Resale,Apartments for sale in Giza | Sheikh Zayed City | Sheikh Zayed Compounds | Properties for sale in Zed Towers | Apartments for sale in Zed Towers,3280000.0,19878,165,3,3,Installments,,,
Property Finder,Unknown,https://www.propertyfinder.eg/en/plp/buy/apartment-for-sale-giza-sheikh-zayed-city-sheikh-zayed-compounds-al-rabwa-112425073.html,Prime apt near Sodic West Allegria DP1.2M Finished,Apartment,First Sale,Apartments for sale in Giza | Sheikh Zayed City | Sheikh Zayed Compounds | Properties for sale in Zed Towers | Apartments for sale in Zed Towers,2500000.0,16666,150,3,2,Installments,,Offplan,
Property Finder,Unknown,https://www.propertyfinder.eg/en/plp/buy/apartment-for-sale-giza-sheikh-zayed-city-sheikh-zayed-compounds-al-rabwa-61203844.html,Ground Floor + Garden in Zayed | 135K Quarterly,Apartment,First Sale,Sheikh Zayed City | Sheikh Zayed Compounds | Properties for sale in Zed Towers | Apartments for sale in Zed Towers | Apartments for sale in Zed West,2200000.0,16296,135,2,2,Cash,,,
Property Finder,Unknown,https://www.propertyfinder.eg/en/plp/buy/apartment-for-sale-giza-sheikh-zayed-city-sheikh-zayed-compounds-alkarma-kay-111038890.html,Elite 190m Apartment Finished Ready to Move Zayed,Apartment,First Sale,Apartments for sale in Giza | Sheikh Zayed City | Sheikh Zayed Compounds | Properties for sale in Zed Towers | Apartments for sale in Zed Towers,3000000.0,50000,60,3,3,Installments,,Ready to Move,
Property Finder,Unknown,https://www.propertyfinder.eg/en/plp/buy/apartment-for-sale-giza-sheikh-zayed-city-sheikh-zayed-compounds-alkarma-kay-111308731.html,Luxury APT300m finished with remaining instalments,Apartment,First Sale,Apartments for sale in Giza | Sheikh Zayed City | Sheikh Zayed Compounds | Properties for sale in Zed Towers | Apartments for sale in Zed Towers,4750000.0,15833,300,4,4,Installments,,Under Construction,
Property Finder,Unknown,https://www.propertyfinder.eg/en/plp/buy/apartment-for-sale-giza-sheikh-zayed-city-sheikh-zayed-compounds-alkarma-kay-111310797.html,Apartment forsale in Jazal on AlNozhaStreet deli2Y,Apartment,First Sale,Apartments for sale in Giza | Sheikh Zayed City | Sheikh Zayed Compounds | Properties for sale in Zed Towers | Apartments for sale in Zed Towers,9431231.0,59691,158,3,3,Installments,1047915.0,Under Construction,
Property Finder,Unknown,https://www.propertyfinder.eg/en/plp/buy/apartment-for-sale-giza-sheikh-zayed-city-sheikh-zayed-compounds-alkarma-kay-112697539.html,"Finished 220m Garden Apt Facing Zed Park, 8-Y Plan",Apartment,First Sale,Apartments for sale in Giza | Sheikh Zayed City | Sheikh Zayed Compounds | Properties for sale in Zed Towers | Apartments for sale in Zed Towers,4162500.0,75681,55,3,3,Installments,,Ready to Move,
Property Finder,Unknown,https://www.propertyfinder.eg/en/plp/buy/apartment-for-sale-giza-sheikh-zayed-city-sheikh-zayed-compounds-alkarma-kay-112707447.html,Move-In-Ready Apartment in Old Zayed over years,Apartment,First Sale,Apartments for sale in Giza | Sheikh Zayed City | Sheikh Zayed Compounds | Properties for sale in Zed Towers | Apartments for sale in Zed Towers,4225000.0,22473,188,3,3,Installments,,Ready,
Property Finder,Unknown,https://www.propertyfinder.eg/en/plp/buy/apartment-for-sale-giza-sheikh-zayed-city-sheikh-zayed-compounds-alkarma-kay-113253671.html,Finished Apt185 with ACs Facing ZED Towers Over 9Y,Apartment,First Sale,Apartments for sale in Giza | Sheikh Zayed City | Sheikh Zayed Compounds | Properties for sale in Zed Towers | Apartments for sale in Zed Towers,1750000.0,9459,185,3,3,Installments,,Offplan,
Property Finder,Unknown,https://www.propertyfinder.eg/en/plp/buy/apartment-for-sale-giza-sheikh-zayed-city-sheikh-zayed-compounds-alkarma-kay-113533325.html,180m Finished Apt Near Sawiris Towers | 10Y Insta.,Apartment,First Sale,Apartments for sale in Giza | Sheikh Zayed City | Sheikh Zayed Compounds | Properties for sale in Zed Towers | Apartments for sale in Zed Towers,1820000.0,10111,180,3,3,Installments,,Under Construction,
Property Finder,Unknown,https://www.propertyfinder.eg/en/plp/buy/apartment-for-sale-giza-sheikh-zayed-city-sheikh-zayed-compounds-alkarma-kay-113534693.html,Super Lux Apt 173sqm on Nozha St-0%DP or 10Y Plan,Apartment,First Sale,Apartments for sale in Giza | Sheikh Zayed City | Sheikh Zayed Compounds | Properties for sale in Zed Towers | Apartments for sale in Zed Towers,3000000.0,17341,173,3,3,Cash,,Under Construction,
Property Finder,Unknown,https://www.propertyfinder.eg/en/plp/buy/apartment-for-sale-giza-sheikh-zayed-city-sheikh-zayed-compounds-alkarma-kay-113536035.html,"ready to move 3Beds finished APT , Zed Towers view",Apartment,First Sale,Apartments for sale in Giza | Sheikh Zayed City | Sheikh Zayed Compounds | Properties for sale in Zed Towers | Apartments for sale in Zed Towers,5950000.0,27674,215,3,3,Installments,,ready to move,
Property Finder,Unknown,https://www.propertyfinder.eg/en/plp/buy/apartment-for-sale-giza-sheikh-zayed-city-sheikh-zayed-compounds-alkarma-kay-114085206.html,garden Apartment180m in Zayed + installment 10yrs,Apartment,First Sale,Apartments for sale in Giza | Sheikh Zayed City | Sheikh Zayed Compounds,1000000.0,5555,180,3,3,Installments,,Under Construction,
Property Finder,Unknown,https://www.propertyfinder.eg/en/plp/buy/apartment-for-sale-giza-sheikh-zayed-city-sheikh-zayed-compounds-allegria-111034695.html,Finished Ready to move Apartment in BeverllyHills,Apartment,First Sale,Apartments for sale in Giza | Sheikh Zayed City | Sheikh Zayed Compounds | Properties for sale in Zed Towers | Apartments for sale in Zed Towers,6000000.0,30000,200,3,2,Installments,,Ready to move,
Property Finder,Unknown,https://www.propertyfinder.eg/en/plp/buy/apartment-for-sale-giza-sheikh-zayed-city-sheikh-zayed-compounds-allegria-111303343.html,Best R.O.I for Apartment at Best Location,Apartment,,Apartments for sale in Giza | Sheikh Zayed City | Sheikh Zayed Compounds | Properties for sale in Zed Towers | Apartments for sale in Zed Towers,7300000.0,81111,90,1,2,Cash,,,
Property Finder,Unknown,https://www.propertyfinder.eg/en/plp/buy/apartment-for-sale-giza-sheikh-zayed-city-sheikh-zayed-compounds-allegria-111311332.html,Cheapest Ready to move apartment 200m Allegria,Apartment,First Sale,Sheikh Zayed City | Sheikh Zayed Compounds | Properties for sale in Zed Towers | Apartments for sale in Zed Towers | 3 bedroom Apartments for sale in Zed Towers,6000000.0,30000,200,4,4,Installments,,Ready to move,
Property Finder,Unknown,https://www.propertyfinder.eg/en/plp/buy/apartment-for-sale-giza-sheikh-zayed-city-sheikh-zayed-compounds-allegria-112970691.html,Luxury Apartment in Allegria Beverly Hills over 8y,Apartment,First Sale,Sheikh Zayed City | Sheikh Zayed Compounds | Properties for sale in Zed Towers | Apartments for sale in Zed Towers | 3 bedroom Apartments for sale in Zed Towers,6000000.0,29268,205,4,4,Installments,,ready to move,
Property Finder,Unknown,https://www.propertyfinder.eg/en/plp/buy/apartment-for-sale-giza-sheikh-zayed-city-sheikh-zayed-compounds-allegria-112984840.html,luxury apartment fully finished with ACs in bevery,Apartment,,Sheikh Zayed City | Sheikh Zayed Compounds | Properties for sale in Zed Towers | Apartments for sale in Zed Towers | 3 bedroom Apartments for sale in Zed Towers,4800000.0,24000,200,4,4,Cash,,,
Property Finder,Unknown,https://www.propertyfinder.eg/en/plp/buy/apartment-for-sale-giza-sheikh-zayed-city-sheikh-zayed-compounds-allegria-113254677.html,Immediate | Fully Finished Apt | Lowest Down Payme,Apartment,First Sale,Sheikh Zayed City | Sheikh Zayed Compounds | Properties for sale in Zed Towers | Apartments for sale in Zed Towers | Apartments for sale in Zed West,4500000.0,40909,110,2,2,Installments,,Ready to move,
Property Finder,Unknown,https://www.propertyfinder.eg/en/plp/buy/apartment-for-sale-giza-sheikh-zayed-city-sheikh-zayed-compounds-allegria-113257081.html,Finished 3BR Double View Apt Over 10Y Installments,Apartment,First Sale,Apartments for sale in Giza | Sheikh Zayed City | Sheikh Zayed Compounds | Properties for sale in Zed Towers | Apartments for sale in Zed Towers,3450000.0,17512,197,3,3,Installments,,Offplan,
Property Finder,Unknown,https://www.propertyfinder.eg/en/plp/buy/apartment-for-sale-giza-sheikh-zayed-city-sheikh-zayed-compounds-allegria-113265381.html,Finished Apartment in Allegria Minutes From Arkan,Apartment,First Sale,Apartments for sale in Giza | Sheikh Zayed City | Sheikh Zayed Compounds | Properties for sale in Zed Towers | Apartments for sale in Zed Towers,3000000.0,16666,180,3,3,Installments,,,
Property Finder,Unknown,https://www.propertyfinder.eg/en/plp/buy/apartment-for-sale-giza-sheikh-zayed-city-sheikh-zayed-compounds-allegria-113529351.html,Luxury Finished apartment in Alegria Beverly Hills,Apartment,First Sale,Sheikh Zayed City | Sheikh Zayed Compounds | Properties for sale in Zed Towers | Apartments for sale in Zed Towers | 3 bedroom Apartments for sale in Zed Towers,7000000.0,36082,194,4,4,Installments,,,
Property Finder,Unknown,https://www.propertyfinder.eg/en/plp/buy/apartment-for-sale-giza-sheikh-zayed-city-sheikh-zayed-compounds-allegria-113807554.html,Luxury apartment with garden in Allegria residence,Apartment,First Sale,Apartments for sale in Giza | Sheikh Zayed City | Sheikh Zayed Compounds | Properties for sale in Zed Towers | Apartments for sale in Zed Towers,7000000.0,38888,180,3,3,Installments,,ready to move,
Property Finder,Unknown,https://www.propertyfinder.eg/en/plp/buy/apartment-for-sale-giza-sheikh-zayed-city-sheikh-zayed-compounds-allegria-113815851.html,Fully finished apartment Ready to move in beverly,Apartment,First Sale,Apartments for sale in Giza | Sheikh Zayed City | Sheikh Zayed Compounds | Properties for sale in Zed Towers | Apartments for sale in Zed Towers,4000000.0,22222,180,3,3,Installments,,Ready to move,
Property Finder,Unknown,https://www.propertyfinder.eg/en/plp/buy/apartment-for-sale-giza-sheikh-zayed-city-sheikh-zayed-compounds-allegria-113823816.html,Finished apartment ready to move in beverly hills,Apartment,First Sale,Apartments for sale in Giza | Sheikh Zayed City | Sheikh Zayed Compounds | Properties for sale in Zed Towers | Apartments for sale in Zed Towers,6000000.0,30456,197,3,3,Installments,,ready to move,
Property Finder,Unknown,https://www.propertyfinder.eg/en/plp/buy/apartment-for-sale-giza-sheikh-zayed-city-sheikh-zayed-compounds-arkan-palm-205-111885505.html,"Apartment 220m² semi-finished, priced at only 80k",Apartment,,Apartments for sale in Giza | Sheikh Zayed City | Sheikh Zayed Compounds | Properties for sale in Zed Towers | Apartments for sale in Zed Towers,17600000.0,80000,220,3,3,Cash,,,
Property Finder,Unknown,https://www.propertyfinder.eg/en/plp/buy/apartment-for-sale-giza-sheikh-zayed-city-sheikh-zayed-compounds-bahja-110753571.html,Own your Zayed apartment near Hyper with 10%DP/10Y,Apartment,First Sale,Apartments for sale in Giza | Sheikh Zayed City | Sheikh Zayed Compounds | Properties for sale in Zed Towers | Apartments for sale in Zed Towers,3496500.0,19425,180,3,3,Installments,,Under Construction,
Property Finder,Unknown,https://www.propertyfinder.eg/en/plp/buy/apartment-for-sale-giza-sheikh-zayed-city-sheikh-zayed-compounds-beit-al-watan-107694640.html,Ready Aprt Super Lux Remaining Balance Installment,Apartment,First Sale,Sheikh Zayed City | Sheikh Zayed Compounds | Properties for sale in Zed Towers | Apartments for sale in Zed Towers | 3 bedroom Apartments for sale in Zed Towers,5913000.0,27502,215,3,3,Installments,,Ready,
Property Finder,Unknown,https://www.propertyfinder.eg/en/plp/buy/apartment-for-sale-giza-sheikh-zayed-city-sheikh-zayed-compounds-beit-al-watan-112434606.html,Apartment in Sheikh Zayed next to Royal City15%D.P,Apartment,First Sale,Sheikh Zayed City | Sheikh Zayed Compounds | Properties for sale in Zed Towers | Apartments for sale in Zed Towers | 3 bedroom Apartments for sale in Zed Towers,5412500.0,30928,175,3,2,Installments,812000.0,Offplan,
Property Finder,Unknown,https://www.propertyfinder.eg/en/plp/buy/apartment-for-sale-giza-sheikh-zayed-city-sheikh-zayed-compounds-beverly-hills-six-west-111310962.html,Apartment with garden in Beverly Hills +6 years,Apartment,First Sale,Apartments for sale in Giza | Sheikh Zayed City | Sheikh Zayed Compounds,6000000.0,37974,158,2,3,Installments,,Ready to move,
Property Finder,Unknown,https://www.propertyfinder.eg/en/plp/buy/apartment-for-sale-giza-sheikh-zayed-city-sheikh-zayed-compounds-beverly-hills-six-west-111311160.html,Unique apartment ready to move in Beverly Hills,Apartment,First Sale,Apartments for sale in Giza | Sheikh Zayed City | Sheikh Zayed Compounds,6500000.0,34210,190,3,3,Installments,,ready to move,
Property Finder,Unknown,https://www.propertyfinder.eg/en/plp/buy/apartment-for-sale-giza-sheikh-zayed-city-sheikh-zayed-compounds-beverly-hills-six-west-111319826.html,"Reade To Move , Fully Finished Apartment in 6 West",Apartment,First Sale,Apartments for sale in Giza | Sheikh Zayed City | Sheikh Zayed Compounds,6500000.0,32500,200,4,3,Installments,,,
Property Finder,Unknown,https://www.propertyfinder.eg/en/plp/buy/apartment-for-sale-giza-sheikh-zayed-city-sheikh-zayed-compounds-beverly-hills-six-west-111599819.html,Apt 3B (DP:2M)Inst 10YRS by Sodic Landscape view.,Apartment,First Sale,Apartments for sale in Giza | Sheikh Zayed City | Sheikh Zayed Compounds,2000000.0,12578,159,3,3,Cash,,Offplan,
Property Finder,Unknown,https://www.propertyfinder.eg/en/plp/buy/apartment-for-sale-giza-sheikh-zayed-city-sheikh-zayed-compounds-beverly-hills-six-west-113248715.html,Finished Apartment in six west beverly hills sodic,Apartment,First Sale,Apartments for sale in Giza | Sheikh Zayed City | Sheikh Zayed Compounds,6500000.0,33333,195,3,4,Installments,,ready to move,
Property Finder,Unknown,https://www.propertyfinder.eg/en/plp/buy/apartment-for-sale-giza-sheikh-zayed-city-sheikh-zayed-compounds-beverly-hills-six-west-113533208.html,Ready to move apartment 158sqm Beverly Hills Sodic,Apartment,,Apartments for sale in Giza | Sheikh Zayed City | Sheikh Zayed Compounds,5650000.0,35759,158,2,3,Cash,,Ready to move,
Property Finder,Unknown,https://www.propertyfinder.eg/en/plp/buy/apartment-for-sale-giza-sheikh-zayed-city-sheikh-zayed-compounds-beverly-hills-six-west-113818340.html,Finished Apartment -Ready to move - lowest total,Apartment,,Apartments for sale in Giza | Sheikh Zayed City | Sheikh Zayed Compounds,7500000.0,46875,160,3,2,Cash,,Ready to move,
Property Finder,Unknown,https://www.propertyfinder.eg/en/plp/buy/apartment-for-sale-giza-sheikh-zayed-city-sheikh-zayed-compounds-beverly-hills-six-west-113824631.html,Ready to move Apartment in Beverlly Hills,Apartment,First Sale,Apartments for sale in Giza | Sheikh Zayed City | Sheikh Zayed Compounds,6000000.0,30612,196,3,2,Installments,,Ready to move,
Property Finder,Unknown,https://www.propertyfinder.eg/en/plp/buy/apartment-for-sale-giza-sheikh-zayed-city-sheikh-zayed-compounds-beverly-hills-six-west-113830649.html,Ready to move Finished apartment in beverly hills,Apartment,First Sale,Apartments for sale in Giza | Sheikh Zayed City | Sheikh Zayed Compounds,6400000.0,39263,163,2,2,Installments,,Ready to move,
Property Finder,Unknown,https://www.propertyfinder.eg/en/plp/buy/apartment-for-sale-giza-sheikh-zayed-city-sheikh-zayed-compounds-cairo-gate-eden-111885026.html,new launch 110k per meter finished apt over 9years,Apartment,First Sale,Apartments for sale in Giza | Sheikh Zayed City | Sheikh Zayed Compounds | Cairo Gate,9000000.0,100000,90,1,2,Installments,478000.0,Offplan,
Property Finder,Unknown,https://www.propertyfinder.eg/en/plp/buy/apartment-for-sale-giza-sheikh-zayed-city-sheikh-zayed-compounds-cairo-gate-elan-111884431.html,3-Bedroom Apartment for Sale in Elm Tree Sarai,Apartment,First Sale,Apartments for sale in Giza | Sheikh Zayed City | Sheikh Zayed Compounds | Cairo Gate,12500000.0,100000,125,3,3,Installments,1000000.0,Offplan,
Property Finder,Unknown,https://www.propertyfinder.eg/en/plp/buy/apartment-for-sale-giza-sheikh-zayed-city-sheikh-zayed-compounds-cairo-gate-grand-residences-111893770.html,Prime 3BR Apartment with 10%DP in Zayed (Waterway),Apartment,First Sale,Apartments for sale in Giza | Sheikh Zayed City | Sheikh Zayed Compounds | Cairo Gate,15000000.0,81081,185,3,3,Installments,2000000.0,Offplan,
Property Finder,Unknown,https://www.propertyfinder.eg/en/plp/buy/apartment-for-sale-giza-sheikh-zayed-city-sheikh-zayed-compounds-casa-112988838.html,For Sale Apartment 120m,Apartment,,Sheikh Zayed City | Sheikh Zayed Compounds | Properties for sale in Zed Towers | Apartments for sale in Zed Towers | Apartments for sale in Zed West,8500000.0,70833,120,2,2,Cash,,,
Property Finder,Unknown,https://www.propertyfinder.eg/en/plp/buy/apartment-for-sale-giza-sheikh-zayed-city-sheikh-zayed-compounds-elysium-112974513.html,luxury apartment in sheikh zayed front of hyper 1,Apartment,First Sale,Apartments for sale in Giza | Sheikh Zayed City | Sheikh Zayed Compounds | Properties for sale in Zed Towers | Apartments for sale in Zed Towers,1000000.0,14084,71,1,2,Cash,,Offplan,
Property Finder,Unknown,https://www.propertyfinder.eg/en/plp/buy/apartment-for-sale-giza-sheikh-zayed-city-sheikh-zayed-compounds-etapa-111598079.html,شقة لقطه متشطبة بالكامل فوري في قلب الشيخ وبالقسط,Apartment,First Sale,Apartments for sale in Giza | Sheikh Zayed City | Sheikh Zayed Compounds | Properties for sale in Zed Towers | Apartments for sale in Zed Towers,5100000.0,28333,180,3,3,Installments,,Ready,
Property Finder,Unknown,https://www.propertyfinder.eg/en/plp/buy/apartment-for-sale-giza-sheikh-zayed-city-sheikh-zayed-compounds-etapa-112425033.html,Prime apt near Sodic West Allegria DP1.2M Finished,Apartment,First Sale,Apartments for sale in Giza | Sheikh Zayed City | Sheikh Zayed Compounds | Properties for sale in Zed Towers | Apartments for sale in Zed Towers,2500000.0,16666,150,3,2,Installments,,Offplan,
Property Finder,Unknown,https://www.propertyfinder.eg/en/plp/buy/apartment-for-sale-giza-sheikh-zayed-city-sheikh-zayed-compounds-etapa-113261722.html,Elegant Finished Apartment180m in Zayed 0%DP /7y,Apartment,First Sale,Apartments for sale in Giza | Sheikh Zayed City | Sheikh Zayed Compounds | Properties for sale in Zed Towers | Apartments for sale in Zed Towers,3290000.0,18277,180,3,3,Installments,,Ready to move,
Property Finder,Unknown,https://www.propertyfinder.eg/en/plp/buy/apartment-for-sale-giza-sheikh-zayed-city-sheikh-zayed-compounds-forty-west-111609086.html,Prime finished apartment in Forty West by SODIC,Apartment,First Sale,Sheikh Zayed City | Sheikh Zayed Compounds | Properties for sale in Zed Towers | Apartments for sale in Zed Towers | Apartments for sale in Zed West,9000000.0,37500,240,2,3,Cash,,,
Property Finder,Unknown,https://www.propertyfinder.eg/en/plp/buy/apartment-for-sale-giza-sheikh-zayed-city-sheikh-zayed-compounds-green-revolution-111306074.html,132m fully finished prime location at 30% in Calma,Apartment,First Sale,Sheikh Zayed City | Sheikh Zayed Compounds | Properties for sale in Zed Towers | Apartments for sale in Zed Towers | Apartments for sale in Zed West,4205000.0,31856,132,2,2,Installments,,Offplan,
Property Finder,Unknown,https://www.propertyfinder.eg/en/plp/buy/apartment-for-sale-giza-sheikh-zayed-city-sheikh-zayed-compounds-green-revolution-111316832.html,Own Your Home 3Bed | DP 173K / 7Y | Sheikh Zayed,Apartment,,Sheikh Zayed City | Sheikh Zayed Compounds | Properties for sale in Zed Towers | Apartments for sale in Zed Towers | 3 bedroom Apartments for sale in Zed Towers,3800000.0,28571,133,3,2,Installments,173000.0,Offplan,
Property Finder,Unknown,https://www.propertyfinder.eg/en/plp/buy/apartment-for-sale-giza-sheikh-zayed-city-sheikh-zayed-compounds-green-revolution-111604994.html,10% DP Apartment Install 10-Year Zayed SKY VIEW 3,Apartment,First Sale,Sheikh Zayed City | Sheikh Zayed Compounds | Properties for sale in Zed Towers | Apartments for sale in Zed Towers | 3 bedroom Apartments for sale in Zed Towers,8000000.0,41884,191,4,4,Installments,800000.0,Offplan,
Property Finder,Unknown,https://www.propertyfinder.eg/en/plp/buy/apartment-for-sale-giza-sheikh-zayed-city-sheikh-zayed-compounds-green-revolution-112427969.html,145m 3BR Q INST 118K till 10years in Montania Gate,Apartment,First Sale,Sheikh Zayed City | Sheikh Zayed Compounds | Properties for sale in Zed Towers | Apartments for sale in Zed Towers | 3 bedroom Apartments for sale in Zed Towers,5900000.0,40689,145,3,3,Installments,,Offplan,
Property Finder,Unknown,https://www.propertyfinder.eg/en/plp/buy/apartment-for-sale-giza-sheikh-zayed-city-sheikh-zayed-compounds-kayan-105446092.html,Apt 130m+50m garden readyto move finished in zayed,Apartment,First Sale,Sheikh Zayed City | Sheikh Zayed Compounds | Properties for sale in Zed Towers | Apartments for sale in Zed Towers | 3 bedroom Apartments for sale in Zed Towers,4200000.0,32307,130,3,3,Cash,,ready,
Property Finder,Unknown,https://www.propertyfinder.eg/en/plp/buy/apartment-for-sale-giza-sheikh-zayed-city-sheikh-zayed-compounds-kayan-109631025.html,Finished APT+Garden| Ready Now |in Zayed Cash/Inst,Apartment,First Sale,Sheikh Zayed City | Sheikh Zayed Compounds | Properties for sale in Zed Towers | Apartments for sale in Zed Towers | 3 bedroom Apartments for sale in Zed Towers,4620000.0,25666,180,3,2,Installments,,Ready,
Property Finder,Unknown,https://www.propertyfinder.eg/en/plp/buy/apartment-for-sale-giza-sheikh-zayed-city-sheikh-zayed-compounds-kayan-111320427.html,"20% down payment, move in now in October",Apartment,First Sale,Sheikh Zayed City | Sheikh Zayed Compounds | Properties for sale in Zed Towers | Apartments for sale in Zed Towers | 3 bedroom Apartments for sale in Zed Towers,4000000.0,30769,130,3,3,Installments,,ready to move,
Property Finder,Unknown,https://www.propertyfinder.eg/en/plp/buy/apartment-for-sale-giza-sheikh-zayed-city-sheikh-zayed-compounds-kayan-111586226.html,3BR Fully Finished Apartment Behind Mall of Arabia,Apartment,First Sale,Sheikh Zayed City | Sheikh Zayed Compounds | Properties for sale in Zed Towers | Apartments for sale in Zed Towers | 3 bedroom Apartments for sale in Zed Towers,3000000.0,21428,140,3,2,Cash,,ready,
Property Finder,Unknown,https://www.propertyfinder.eg/en/plp/buy/apartment-for-sale-giza-sheikh-zayed-city-sheikh-zayed-compounds-kayan-112163070.html,Apt finished ready to move+remaining instalments,Apartment,First Sale,Sheikh Zayed City | Sheikh Zayed Compounds | Properties for sale in Zed Towers | Apartments for sale in Zed Towers | 3 bedroom Apartments for sale in Zed Towers,3200000.0,24615,130,3,3,Installments,,ready to move,
Property Finder,Unknown,https://www.propertyfinder.eg/en/plp/buy/apartment-for-sale-giza-sheikh-zayed-city-sheikh-zayed-compounds-kayan-112702613.html,اخر ارضي بجاردن لقطه متشطبه بجوار مول العرب وقسط,Apartment,First Sale,Sheikh Zayed City | Sheikh Zayed Compounds | Properties for sale in Zed Towers | Apartments for sale in Zed Towers | 3 bedroom Apartments for sale in Zed Towers,3000000.0,23076,130,3,3,Installments,,Ready,
Property Finder,Unknown,https://www.propertyfinder.eg/en/plp/buy/apartment-for-sale-giza-sheikh-zayed-city-sheikh-zayed-compounds-kayan-112706404.html,Finished Apartment in Kayan | Immediate Delivery,Apartment,First Sale,Sheikh Zayed City | Sheikh Zayed Compounds | Properties for sale in Zed Towers | Apartments for sale in Zed Towers | Apartments for sale in Zed West,3500000.0,33333,105,2,2,Installments,,,
Property Finder,Unknown,https://www.propertyfinder.eg/en/plp/buy/apartment-for-sale-giza-sheikh-zayed-city-sheikh-zayed-compounds-kayan-112709488.html,Lowest Price Apartment 90 Sqm in Kayan,Apartment,Resale,Sheikh Zayed City | Sheikh Zayed Compounds | Properties for sale in Zed Towers | Apartments for sale in Zed Towers | Apartments for sale in Zed West,2500000.0,27777,90,2,2,Installments,,,
Property Finder,Unknown,https://www.propertyfinder.eg/en/plp/buy/apartment-for-sale-giza-sheikh-zayed-city-sheikh-zayed-compounds-kayan-112980806.html,Ready to move unit with roof in Kayan Grandheights,Apartment,First Sale,Sheikh Zayed City | Sheikh Zayed Compounds | Properties for sale in Zed Towers | Apartments for sale in Zed Towers | 3 bedroom Apartments for sale in Zed Towers,2250000.0,18750,120,3,2,Installments,,Ready to move,
Property Finder,Unknown,https://www.propertyfinder.eg/en/plp/buy/apartment-for-sale-giza-sheikh-zayed-city-sheikh-zayed-compounds-kayan-113253996.html,Ready To Move Garden Apartment In Kayan !!!,Apartment,First Sale,Sheikh Zayed City | Sheikh Zayed Compounds | Properties for sale in Zed Towers | Apartments for sale in Zed Towers | 3 bedroom Apartments for sale in Zed Towers,2650000.0,19629,135,3,3,Installments,,Ready To Move,
Property Finder,Unknown,https://www.propertyfinder.eg/en/plp/buy/apartment-for-sale-giza-sheikh-zayed-city-sheikh-zayed-compounds-kayan-113815866.html,Apartment for sale in kayan Badr aldeen,Apartment,First Sale,Sheikh Zayed City | Sheikh Zayed Compounds | Properties for sale in Zed Towers | Apartments for sale in Zed Towers | 3 bedroom Apartments for sale in Zed Towers,5000000.0,37037,135,3,2,Cash,,,
Property Finder,Unknown,https://www.propertyfinder.eg/en/plp/buy/apartment-for-sale-giza-sheikh-zayed-city-sheikh-zayed-compounds-lake-west-111579194.html,"move in villa, cash discount, waslet Dahshour .",Apartment,First Sale,Sheikh Zayed Compounds | Cairo Capital | Properties for sale in Zed Towers | Apartments for sale in Zed Towers | 3 bedroom Apartments for sale in Zed Towers,15500000.0,60546,256,4,4,Cash,,Ready,
Property Finder,Unknown,https://www.propertyfinder.eg/en/plp/buy/apartment-for-sale-giza-sheikh-zayed-city-sheikh-zayed-compounds-patio-al-zahraa-111305791.html,APT 3 BR in Old Zayed with 10% DP installment 8 Y,Apartment,First Sale,Apartments for sale in Giza | Sheikh Zayed City | Sheikh Zayed Compounds | Properties for sale in Zed Towers | Apartments for sale in Zed Towers,5874000.0,33565,175,3,3,Installments,,,
Property Finder,Unknown,https://www.propertyfinder.eg/en/plp/buy/apartment-for-sale-giza-sheikh-zayed-city-sheikh-zayed-compounds-rovan-111884102.html,3BR Apartment | Best View | 9-Year Installments,Apartment,First Sale,Apartments for sale in Giza | Sheikh Zayed City | Sheikh Zayed Compounds | Properties for sale in Zed Towers | Apartments for sale in Zed Towers,5700000.0,38000,150,3,3,Installments,570.0,Offplan,
Property Finder,Unknown,https://www.propertyfinder.eg/en/plp/buy/apartment-for-sale-giza-sheikh-zayed-city-sheikh-zayed-compounds-royal-city-113822586.html,fully finished penthouse inzayed over installments,Apartment,First Sale,Apartments for sale in Giza | Sheikh Zayed City | Sheikh Zayed Compounds | Properties for sale in Zed Towers | Apartments for sale in Zed Towers,3000000.0,15789,190,3,3,Installments,,,
Property Finder,Unknown,https://www.propertyfinder.eg/en/plp/buy/apartment-for-sale-giza-sheikh-zayed-city-sheikh-zayed-compounds-sodic-west-111597882.html,Apt 3B (DP:2M)Inst 10YRS by Sodic Landscape view.,Apartment,First Sale,Apartments for sale in Giza | Sheikh Zayed City | Sheikh Zayed Compounds | Properties for sale in Zed Towers | Apartments for sale in Zed Towers,2000000.0,12578,159,3,3,Cash,,Offplan,
Property Finder,Unknown,https://www.propertyfinder.eg/en/plp/buy/apartment-for-sale-giza-sheikh-zayed-city-sheikh-zayed-compounds-tara-110471941.html,Finished Roof Apartment |Prime Location & Installm,Apartment,First Sale,Apartments for sale in Giza | Sheikh Zayed City | Sheikh Zayed Compounds | Properties for sale in Zed Towers | Apartments for sale in Zed Towers,4760000.0,39666,120,3,3,Installments,,,
Property Finder,Unknown,https://www.propertyfinder.eg/en/plp/buy/apartment-for-sale-giza-sheikh-zayed-city-sheikh-zayed-compounds-tara-112707513.html,Move-In-Ready Apartment in Old Zayed over years,Apartment,First Sale,Apartments for sale in Giza | Sheikh Zayed City | Sheikh Zayed Compounds | Properties for sale in Zed Towers | Apartments for sale in Zed Towers,4725000.0,25132,188,3,3,Installments,,Ready,
Property Finder,Unknown,https://www.propertyfinder.eg/en/plp/buy/apartment-for-sale-giza-sheikh-zayed-city-sheikh-zayed-compounds-the-courtyards-111035393.html,Ultra Super Lux Fully Furnished With ACs Apartment,Apartment,,Sheikh Zayed City | Sheikh Zayed Compounds | Properties for sale in Zed Towers | Apartments for sale in Zed Towers | 3 bedroom Apartments for sale in Zed Towers,18500000.0,92039,201,3,3,Cash,,,
Property Finder,Unknown,https://www.propertyfinder.eg/en/plp/buy/apartment-for-sale-giza-sheikh-zayed-city-sheikh-zayed-compounds-the-courtyards-112693637.html,Ground 201m Apartment for Sale in Courtyards SODIC,Apartment,,Sheikh Zayed City | Sheikh Zayed Compounds | Properties for sale in Zed Towers | Apartments for sale in Zed Towers | 3 bedroom Apartments for sale in Zed Towers,18000000.0,89552,201,3,2,Cash,,Ready to Move,
Property Finder,Unknown,https://www.propertyfinder.eg/en/plp/buy/apartment-for-sale-giza-sheikh-zayed-city-sheikh-zayed-compounds-the-courtyards-113824977.html,Apartment Sale Courtyard Beverly hills Sodic Zayed,Apartment,,Sheikh Zayed City | Sheikh Zayed Compounds | Properties for sale in Zed Towers | Apartments for sale in Zed Towers | 3 bedroom Apartments for sale in Zed Towers,15950000.0,79750,200,3,3,Cash,,,
Property Finder,Unknown,https://www.propertyfinder.eg/en/plp/buy/apartment-for-sale-giza-sheikh-zayed-city-sheikh-zayed-compounds-the-estates-112984739.html,Finished Apartment in The Estates Next to Beverly,Apartment,First Sale,Apartments for sale in Giza | Sheikh Zayed City | Sheikh Zayed Compounds | Properties for sale in Zed Towers | Apartments for sale in Zed Towers,8000000.0,54421,147,3,2,Installments,,Offplan,
Property Finder,Unknown,https://www.propertyfinder.eg/en/plp/buy/apartment-for-sale-giza-sheikh-zayed-city-sheikh-zayed-compounds-the-estates-113258456.html,Ready to move Villa 565m Sodic View landscape,Apartment,First Sale,Apartments for sale in Giza | Sheikh Zayed City | Sheikh Zayed Compounds | Properties for sale in Zed Towers | Apartments for sale in Zed Towers,4500000.0,25000,180,4,4,Cash,,Ready to move,
Property Finder,Unknown,https://www.propertyfinder.eg/en/plp/buy/apartment-for-sale-giza-sheikh-zayed-city-sheikh-zayed-compounds-v-levels-107976105.html,Apartment Ground With Garden 3 Bed Delivery 10/26,Apartment,Resale,Sheikh Zayed City | Sheikh Zayed Compounds | Properties for sale in Zed Towers | Apartments for sale in Zed Towers | 3 bedroom Apartments for sale in Zed Towers,9080000.0,48817,186,3,3,Installments,5800000.0,Under Construction,
Property Finder,Unknown,https://www.propertyfinder.eg/en/plp/buy/apartment-for-sale-giza-sheikh-zayed-city-sheikh-zayed-compounds-village-west-105724557.html,"Invest in 4 Ready-to-Move, Fully Finished Units in",Apartment,First Sale,Sheikh Zayed City | Sheikh Zayed Compounds | Properties for sale in Zed Towers | Apartments for sale in Zed Towers | 3 bedroom Apartments for sale in Zed Towers,10560000.0,55000,192,3,3,Cash,,Ready,
Property Finder,Unknown,https://www.propertyfinder.eg/en/plp/buy/apartment-for-sale-giza-sheikh-zayed-city-sheikh-zayed-compounds-village-west-111025066.html,Apartment with garden for sale in Village West,Apartment,,Sheikh Zayed City | Sheikh Zayed Compounds | Properties for sale in Zed Towers | Apartments for sale in Zed Towers | 3 bedroom Apartments for sale in Zed Towers,10230000.0,68657,149,3,3,Installments,9205000.0,Under Construction,
Property Finder,Unknown,https://www.propertyfinder.eg/en/plp/buy/apartment-for-sale-giza-sheikh-zayed-city-sheikh-zayed-compounds-village-west-111034629.html,Finished apartment with ACs & best view in Dorra,Apartment,First Sale,Sheikh Zayed City | Sheikh Zayed Compounds | Properties for sale in Zed Towers | Apartments for sale in Zed Towers | 3 bedroom Apartments for sale in Zed Towers,5225000.0,31287,167,3,3,Installments,,Offplan,
Property Finder,Unknown,https://www.propertyfinder.eg/en/plp/buy/apartment-for-sale-giza-sheikh-zayed-city-sheikh-zayed-compounds-village-west-111305393.html,150m apartment with hotel-style finishing in zayed,Apartment,First Sale,Sheikh Zayed City | Sheikh Zayed Compounds | Properties for sale in Zed Towers | Apartments for sale in Zed Towers | 3 bedroom Apartments for sale in Zed Towers,4000000.0,33333,120,3,3,Installments,,ready,
Property Finder,Unknown,https://www.propertyfinder.eg/en/plp/buy/apartment-for-sale-giza-sheikh-zayed-city-sheikh-zayed-compounds-village-west-111308548.html,Ready High end finishing penthouse- Acs in Zayed,Apartment,First Sale,Sheikh Zayed City | Sheikh Zayed Compounds | Properties for sale in Zed Towers | Apartments for sale in Zed Towers | 3 bedroom Apartments for sale in Zed Towers,5000000.0,21645,231,4,3,Installments,,Ready to Move,
Property Finder,Unknown,https://www.propertyfinder.eg/en/plp/buy/apartment-for-sale-giza-sheikh-zayed-city-sheikh-zayed-compounds-village-west-111310410.html,5% Down Payment & Installments up to 10 Years,Apartment,First Sale,Sheikh Zayed City | Sheikh Zayed Compounds | Properties for sale in Zed Towers | Apartments for sale in Zed Towers | Apartments for sale in Zed West,5000000.0,61728,81,2,2,Installments,250000.0,Offplan,
Property Finder,Unknown,https://www.propertyfinder.eg/en/plp/buy/apartment-for-sale-giza-sheikh-zayed-city-sheikh-zayed-compounds-village-west-111316691.html,"finished apartment, ready to move in Village West",Apartment,,Sheikh Zayed City | Sheikh Zayed Compounds | Properties for sale in Zed Towers | Apartments for sale in Zed Towers | 3 bedroom Apartments for sale in Zed Towers,11000000.0,65088,169,4,4,Cash,,ready to move,
Property Finder,Unknown,https://www.propertyfinder.eg/en/plp/buy/apartment-for-sale-giza-sheikh-zayed-city-sheikh-zayed-compounds-village-west-111585517.html,The only studio for sale Village West- with garden,Apartment,,Sheikh Zayed City | Sheikh Zayed Compounds | Properties for sale in Zed Towers | Apartments for sale in Zed Towers | 3 bedroom Apartments for sale in Zed Towers,6000000.0,80000,75,,1,Installments,,Under Construction,
Property Finder,Unknown,https://www.propertyfinder.eg/en/plp/buy/apartment-for-sale-giza-sheikh-zayed-city-sheikh-zayed-compounds-village-west-111606778.html,"Resale from Owner, RTM, Prime Location, Best Price",Apartment,Resale,Sheikh Zayed City | Sheikh Zayed Compounds | Properties for sale in Zed Towers | Apartments for sale in Zed Towers | 3 bedroom Apartments for sale in Zed Towers,10455000.0,63750,164,3,3,Installments,,Ready,
Property Finder,Unknown,https://www.propertyfinder.eg/en/plp/buy/apartment-for-sale-giza-sheikh-zayed-city-sheikh-zayed-compounds-village-west-111875102.html,Apartment for Sale in Village West | RTM,Apartment,,Sheikh Zayed City | Sheikh Zayed Compounds | Properties for sale in Zed Towers | Apartments for sale in Zed Towers | 3 bedroom Apartments for sale in Zed Towers,10000000.0,61349,163,3,3,Installments,6238000.0,Ready to Move,
Property Finder,Unknown,https://www.propertyfinder.eg/en/plp/buy/apartment-for-sale-giza-sheikh-zayed-city-sheikh-zayed-compounds-village-west-111887607.html,Under Market Price Ready to Move APT Finished,Apartment,,Sheikh Zayed City | Sheikh Zayed Compounds | Properties for sale in Zed Towers | Apartments for sale in Zed Towers | Apartments for sale in Zed West,7500000.0,60975,123,2,2,Cash,,Ready to Move,
Property Finder,Unknown,https://www.propertyfinder.eg/en/plp/buy/apartment-for-sale-giza-sheikh-zayed-city-sheikh-zayed-compounds-village-west-112158994.html,Finished Apartment in Village West Installments,Apartment,First Sale,Sheikh Zayed City | Sheikh Zayed Compounds | Properties for sale in Zed Towers | Apartments for sale in Zed Towers | 3 bedroom Apartments for sale in Zed Towers,3500000.0,31818,110,3,2,Installments,,Under Construction,
Property Finder,Unknown,https://www.propertyfinder.eg/en/plp/buy/apartment-for-sale-giza-sheikh-zayed-city-sheikh-zayed-compounds-village-west-112696360.html,Fully Finished Apartment With very prime location,Apartment,First Sale,Sheikh Zayed City | Sheikh Zayed Compounds | Properties for sale in Zed Towers | Apartments for sale in Zed Towers | 3 bedroom Apartments for sale in Zed Towers,7800000.0,87640,89,1,1,Installments,,Offplan,
Property Finder,Unknown,https://www.propertyfinder.eg/en/plp/buy/apartment-for-sale-giza-sheikh-zayed-city-sheikh-zayed-compounds-village-west-112697379.html,Ready to Move Apartment Fully Finished with ACs,Apartment,First Sale,Sheikh Zayed City | Sheikh Zayed Compounds | Properties for sale in Zed Towers | Apartments for sale in Zed Towers | 3 bedroom Apartments for sale in Zed Towers,2200000.0,12222,180,3,3,Cash,,Ready to Move,
Property Finder,Unknown,https://www.propertyfinder.eg/en/plp/buy/apartment-for-sale-giza-sheikh-zayed-city-sheikh-zayed-compounds-village-west-112700908.html,Fully finished apartment for sale nearby Hyper,Apartment,First Sale,Sheikh Zayed City | Sheikh Zayed Compounds | Properties for sale in Zed Towers | Apartments for sale in Zed Towers | 3 bedroom Apartments for sale in Zed Towers,4200000.0,25149,167,3,3,Cash,,ready,
Property Finder,Unknown,https://www.propertyfinder.eg/en/plp/buy/apartment-for-sale-giza-sheikh-zayed-city-sheikh-zayed-compounds-village-west-112702048.html,"Finished studio with air conditioning, immediate o",Apartment,,Sheikh Zayed City | Sheikh Zayed Compounds | Properties for sale in Zed Towers | Apartments for sale in Zed Towers | 3 bedroom Apartments for sale in Zed Towers,5200000.0,69333,75,1,2,Cash,,ready,
Property Finder,Unknown,https://www.propertyfinder.eg/en/plp/buy/apartment-for-sale-giza-sheikh-zayed-city-sheikh-zayed-compounds-village-west-112704978.html,Finished luxurious Apartment with Garden,Apartment,,Sheikh Zayed City | Sheikh Zayed Compounds | Properties for sale in Zed Towers | Apartments for sale in Zed Towers | 3 bedroom Apartments for sale in Zed Towers,9700000.0,54802,177,3,3,Cash,,Under Construction,
Property Finder,Unknown,https://www.propertyfinder.eg/en/plp/buy/apartment-for-sale-giza-sheikh-zayed-city-sheikh-zayed-compounds-village-west-112975640.html,Lowest DP5.3 Million APT Fully Finished Park View,Apartment,,Sheikh Zayed City | Sheikh Zayed Compounds | Properties for sale in Zed Towers | Apartments for sale in Zed Towers | Apartments for sale in Zed West,5309000.0,43162,123,2,2,Installments,,Under Construction,
Property Finder,Unknown,https://www.propertyfinder.eg/en/plp/buy/apartment-for-sale-giza-sheikh-zayed-city-sheikh-zayed-compounds-village-west-112981503.html,Lowest Price Apt+Garden near Hyper Zayed Over 10y,Apartment,First Sale,Sheikh Zayed City | Sheikh Zayed Compounds | Properties for sale in Zed Towers | Apartments for sale in Zed Towers | Apartments for sale in Zed West,5300000.0,37857,140,2,3,Cash,,Under Construction,
Property Finder,Unknown,https://www.propertyfinder.eg/en/plp/buy/apartment-for-sale-giza-sheikh-zayed-city-sheikh-zayed-compounds-village-west-112989135.html,Fully Finished Ready to Move with Installments,Apartment,,Sheikh Zayed City | Sheikh Zayed Compounds | Properties for sale in Zed Towers | Apartments for sale in Zed Towers | 3 bedroom Apartments for sale in Zed Towers,9990000.0,61288,163,3,3,Installments,5750000.0,Ready to Move,
Property Finder,Unknown,https://www.propertyfinder.eg/en/plp/buy/apartment-for-sale-giza-sheikh-zayed-city-sheikh-zayed-compounds-village-west-113252909.html,Ready to Move Fully Finished Apartment 163m,Apartment,,Sheikh Zayed City | Sheikh Zayed Compounds | Properties for sale in Zed Towers | Apartments for sale in Zed Towers | 3 bedroom Apartments for sale in Zed Towers,11750000.0,72085,163,4,3,Installments,,Ready to Move,
Property Finder,Unknown,https://www.propertyfinder.eg/en/plp/buy/apartment-for-sale-giza-sheikh-zayed-city-sheikh-zayed-compounds-village-west-113255329.html,A Great opportunity RTM Apartment for sale,Apartment,Resale,Sheikh Zayed City | Sheikh Zayed Compounds | Properties for sale in Zed Towers | Apartments for sale in Zed Towers | 3 bedroom Apartments for sale in Zed Towers,11532643.0,65156,177,3,3,Installments,9700000.0,ready to move,
Property Finder,Unknown,https://www.propertyfinder.eg/en/plp/buy/apartment-for-sale-giza-sheikh-zayed-city-sheikh-zayed-compounds-village-west-113264416.html,Ready to Live Ground Apartment in Village West,Apartment,,Sheikh Zayed City | Sheikh Zayed Compounds | Properties for sale in Zed Towers | Apartments for sale in Zed Towers | Apartments for sale in Zed West,7462173.0,60668,123,2,2,Installments,,Ready to Move,
Property Finder,Unknown,https://www.propertyfinder.eg/en/plp/buy/apartment-for-sale-giza-sheikh-zayed-city-sheikh-zayed-compounds-village-west-113522247.html,Apartment 2Bed in Water West Sheikh Zayed,Apartment,First Sale,Sheikh Zayed City | Sheikh Zayed Compounds | Properties for sale in Zed Towers | Apartments for sale in Zed Towers | Apartments for sale in Zed West,8000000.0,61068,131,2,3,Installments,1000000.0,Offplan,
Property Finder,Unknown,https://www.propertyfinder.eg/en/plp/buy/apartment-for-sale-giza-sheikh-zayed-city-sheikh-zayed-compounds-village-west-113533659.html,Fully finished apartment with Ac's for sale Zayed,Apartment,,Sheikh Zayed City | Sheikh Zayed Compounds | Properties for sale in Zed Towers | Apartments for sale in Zed Towers | 3 bedroom Apartments for sale in Zed Towers,4670000.0,29371,159,3,3,Cash,,Ready to move,
Property Finder,Unknown,https://www.propertyfinder.eg/en/plp/buy/apartment-for-sale-giza-sheikh-zayed-city-sheikh-zayed-compounds-village-west-113537126.html,Apartment for Sale in Village West – Sheikh Zayed,Apartment,First Sale,Sheikh Zayed City | Sheikh Zayed Compounds | Properties for sale in Zed Towers | Apartments for sale in Zed Towers | 3 bedroom Apartments for sale in Zed Towers,3260000.0,20000,163,3,3,Cash,,Under Construction,
Property Finder,Unknown,https://www.propertyfinder.eg/en/plp/buy/apartment-for-sale-giza-sheikh-zayed-city-sheikh-zayed-compounds-village-west-113539732.html,Lowest DP 5.5M APT 3BR Near Delivery Park View,Apartment,,Sheikh Zayed City | Sheikh Zayed Compounds | Properties for sale in Zed Towers | Apartments for sale in Zed Towers | 3 bedroom Apartments for sale in Zed Towers,5500000.0,33536,164,3,3,Installments,,Under Construction,
Property Finder,Unknown,https://www.propertyfinder.eg/en/plp/buy/apartment-for-sale-giza-sheikh-zayed-city-sheikh-zayed-compounds-village-west-113541480.html,Early Delivery Finished Apartment in Village West,Apartment,First Sale,Sheikh Zayed City | Sheikh Zayed Compounds | Properties for sale in Zed Towers | Apartments for sale in Zed Towers | Apartments for sale in Zed West,5000000.0,40650,123,2,2,Installments,,Ready,
Property Finder,Unknown,https://www.propertyfinder.eg/en/plp/buy/apartment-for-sale-giza-sheikh-zayed-city-sheikh-zayed-compounds-village-west-113822344.html,"Prime Finished Apt in Waterway West Zayed, 5%DP",Apartment,First Sale,Sheikh Zayed City | Sheikh Zayed Compounds | Properties for sale in Zed Towers | Apartments for sale in Zed Towers | Apartments for sale in Zed West,14500000.0,103571,140,2,2,Installments,,Offplan,
Property Finder,Unknown,https://www.propertyfinder.eg/en/plp/buy/apartment-for-sale-giza-sheikh-zayed-city-sheikh-zayed-compounds-village-west-113824990.html,Ground Floor For sale in village West - Phase 1,Apartment,,Sheikh Zayed City | Sheikh Zayed Compounds | Properties for sale in Zed Towers | Apartments for sale in Zed Towers | 3 bedroom Apartments for sale in Zed Towers,11533000.0,65158,177,3,3,Cash,,Ready to move,
Property Finder,Unknown,https://www.propertyfinder.eg/en/plp/buy/apartment-for-sale-giza-sheikh-zayed-city-sheikh-zayed-compounds-village-west-114086275.html,"Finished apt 159 sqm by ACs, soon delivery, instal",Apartment,First Sale,Apartments for sale in Giza | Sheikh Zayed City | Sheikh Zayed Compounds,3000000.0,18867,159,3,3,Installments,,Offplan,
Property Finder,Unknown,https://www.propertyfinder.eg/en/plp/buy/apartment-for-sale-giza-sheikh-zayed-city-sheikh-zayed-compounds-zayed-regency-110753581.html,Own your Zayed apartment near Hyper with 10%DP/10Y,Apartment,First Sale,Apartments for sale in Giza | Sheikh Zayed City | Sheikh Zayed Compounds | Properties for sale in Zed Towers | Apartments for sale in Zed Towers,3496500.0,19425,180,3,3,Installments,,Under Construction,
Property Finder,Unknown,https://www.propertyfinder.eg/en/plp/buy/apartment-for-sale-giza-sheikh-zayed-city-sheikh-zayed-compounds-zayed-regency-111029172.html,"RTM finished APT, prime zayed loc-Zed Towers view",Apartment,First Sale,Apartments for sale in Giza | Sheikh Zayed City | Sheikh Zayed Compounds | Properties for sale in Zed Towers | Apartments for sale in Zed Towers,5913000.0,27502,215,3,3,Installments,,Under Construction,
Property Finder,Unknown,https://www.propertyfinder.eg/en/plp/buy/apartment-for-sale-giza-sheikh-zayed-city-sheikh-zayed-compounds-zayed-regency-112986015.html,Finished 153m APT with ACs in Old Zayed. Book now,Apartment,First Sale,Apartments for sale in Giza | Sheikh Zayed City | Sheikh Zayed Compounds | Properties for sale in Zed Towers | Apartments for sale in Zed Towers,1750000.0,25000,70,3,3,Installments,,ready,
Property Finder,Unknown,https://www.propertyfinder.eg/en/plp/buy/apartment-for-sale-giza-sheikh-zayed-city-sheikh-zayed-compounds-zed-towers-111892975.html,Own 2 Bedrooms for a Studio Price Ready to Move E2,Apartment,Resale,2 bedroom Apartments for sale in Zed Towers | Studio Apartments for sale in Zed Towers | 1 bedroom Apartments for sale in Zed Towers | Furnished Apartments for sale in Zed Towers | Apartments for sale in Zed West,6873650.0,70862,97,2,2,Installments,5767650.0,Ready to Move,
Property Finder,Unknown,https://www.propertyfinder.eg/en/plp/buy/apartment-for-sale-giza-sheikh-zayed-city-sheikh-zayed-compounds-zed-towers-park-side-residence-109916389.html,Finished Apartment with ACs lowest price in ZED,Apartment,First Sale,Apartments for sale in Giza | Sheikh Zayed City | Sheikh Zayed Compounds | Zed Towers,6000000.0,38216,157,3,3,Cash,,,
Property Finder,Unknown,https://www.propertyfinder.eg/en/plp/buy/apartment-for-sale-giza-sheikh-zayed-city-sheikh-zayed-compounds-zed-towers-park-side-residence-111030616.html,Finished Apartment W ACs Sale Installment Zed West,Apartment,,Apartments for sale in Giza | Sheikh Zayed City | Sheikh Zayed Compounds | Zed Towers,9038000.0,70062,129,2,2,Installments,4300000.0,,
Property Finder,Unknown,https://www.propertyfinder.eg/en/plp/buy/apartment-for-sale-giza-sheikh-zayed-city-sheikh-zayed-compounds-zed-towers-park-side-residence-111036176.html,Finished Apartment with ACs Sale by Installments,Apartment,,Apartments for sale in Giza | Sheikh Zayed City | Sheikh Zayed Compounds | Zed Towers,9150000.0,70930,129,2,2,Installments,,,
Property Finder,Unknown,https://www.propertyfinder.eg/en/plp/buy/apartment-for-sale-giza-sheikh-zayed-city-sheikh-zayed-compounds-zed-towers-park-side-residence-111307551.html,Apartment 155m Park View 3bed Very Prime Location,Apartment,,Apartments for sale in Giza | Sheikh Zayed City | Sheikh Zayed Compounds | Zed Towers,5110000.0,32967,155,3,3,Installments,,,
Property Finder,Unknown,https://www.propertyfinder.eg/en/plp/buy/apartment-for-sale-giza-sheikh-zayed-city-sheikh-zayed-compounds-zed-towers-park-side-residence-111318002.html,Apartment 2 bed in zed west fully Finished +ACS,Apartment,,Apartments for sale in Giza | Sheikh Zayed City | Sheikh Zayed Compounds | Zed Towers,6000000.0,54545,110,2,2,Cash,,,
Property Finder,Unknown,https://www.propertyfinder.eg/en/plp/buy/apartment-for-sale-giza-sheikh-zayed-city-sheikh-zayed-compounds-zed-towers-park-side-residence-111602571.html,Under market Price Apart 129m2 zed Prime Location,Apartment,,Apartments for sale in Giza | Sheikh Zayed City | Sheikh Zayed Compounds | Zed Towers,3721000.0,28844,129,2,2,Installments,,,
Property Finder,Unknown,https://www.propertyfinder.eg/en/plp/buy/apartment-for-sale-giza-sheikh-zayed-city-sheikh-zayed-compounds-zed-towers-park-side-residence-111880291.html,Apartment 135m ready to move in ZED,Apartment,,Apartments for sale in Giza | Sheikh Zayed City | Sheikh Zayed Compounds | Zed Towers,8400000.0,62222,135,2,2,Cash,,ready to move,
Property Finder,Unknown,https://www.propertyfinder.eg/en/plp/buy/apartment-for-sale-giza-sheikh-zayed-city-sheikh-zayed-compounds-zed-towers-park-side-residence-111893814.html,160 m Furnished Apt With ACs | Ready In Zed Towers,Apartment,Resale,Apartments for sale in Giza | Sheikh Zayed City | Sheikh Zayed Compounds | Zed Towers,11508414.0,71927,160,3,3,Installments,5955395.0,Ready,
Property Finder,Unknown,https://www.propertyfinder.eg/en/plp/buy/apartment-for-sale-giza-sheikh-zayed-city-sheikh-zayed-compounds-zed-towers-park-side-residence-112426286.html,Under Market DP Near Delivery Apart81m2 Prime View,Apartment,,Apartments for sale in Giza | Sheikh Zayed City | Sheikh Zayed Compounds | Zed Towers,4200000.0,51851,81,1,2,Cash,,,
Property Finder,Unknown,https://www.propertyfinder.eg/en/plp/buy/apartment-for-sale-giza-sheikh-zayed-city-sheikh-zayed-compounds-zed-towers-park-side-residence-112700010.html,OPEN PARK VIEW largest space in zed west READY2028,Apartment,,Apartments for sale in Giza | Sheikh Zayed City | Sheikh Zayed Compounds | Zed Towers,12000000.0,49586,242,4,4,Installments,,Offplan,
Property Finder,Unknown,https://www.propertyfinder.eg/en/plp/buy/apartment-for-sale-giza-sheikh-zayed-city-sheikh-zayed-compounds-zed-towers-park-side-residence-112703253.html,Finished Apt in Zayed by Ora -Mall of Arabia View,Apartment,First Sale,Apartments for sale in Giza | Sheikh Zayed City | Sheikh Zayed Compounds | Zed Towers,7300000.0,35436,206,2,2,Installments,,Offplan,
Property Finder,Unknown,https://www.propertyfinder.eg/en/plp/buy/apartment-for-sale-giza-sheikh-zayed-city-sheikh-zayed-compounds-zed-towers-park-side-residence-112703693.html,Finished Apartment 190m+Garden in Zayed 0% DP /7y,Apartment,First Sale,Apartments for sale in Giza | Sheikh Zayed City | Sheikh Zayed Compounds | Zed Towers,3000000.0,50000,60,3,3,Installments,,,
Property Finder,Unknown,https://www.propertyfinder.eg/en/plp/buy/apartment-for-sale-giza-sheikh-zayed-city-sheikh-zayed-compounds-zed-towers-park-side-residence-113249969.html,Fully finished Apartment Zed Towers prime location,Apartment,,Apartments for sale in Giza | Sheikh Zayed City | Sheikh Zayed Compounds | Zed Towers,5150000.0,32187,160,3,3,Cash,,,
Property Finder,Unknown,https://www.propertyfinder.eg/en/plp/buy/apartment-for-sale-giza-sheikh-zayed-city-sheikh-zayed-compounds-zed-towers-park-side-residence-113261183.html,Luxury apartment in Zed 160sqm over 10 years,Apartment,First Sale,Apartments for sale in Giza | Sheikh Zayed City | Sheikh Zayed Compounds | Zed Towers,5500000.0,34375,160,3,3,Installments,,,
Property Finder,Unknown,https://www.propertyfinder.eg/en/plp/buy/apartment-for-sale-giza-sheikh-zayed-city-sheikh-zayed-compounds-zed-towers-park-side-residence-113263559.html,Luxury Finished Apartment 165 sqm in Zed Towers,Apartment,First Sale,Apartments for sale in Giza | Sheikh Zayed City | Sheikh Zayed Compounds | Zed Towers,2800000.0,16969,165,3,3,Installments,,,
Property Finder,Unknown,https://www.propertyfinder.eg/en/plp/buy/apartment-for-sale-giza-sheikh-zayed-city-sheikh-zayed-compounds-zed-towers-park-side-residence-113265554.html,Finished Apartment in Zed West Next to Arkan Plaza,Apartment,First Sale,Apartments for sale in Giza | Sheikh Zayed City | Sheikh Zayed Compounds | Zed Towers,3000000.0,17142,175,3,3,Installments,,,
Property Finder,Unknown,https://www.propertyfinder.eg/en/plp/buy/apartment-for-sale-giza-sheikh-zayed-city-sheikh-zayed-compounds-zed-towers-park-side-residence-113533625.html,180m Finished Apt Near Sawiris Towers | 10Y Insta.,Apartment,First Sale,Apartments for sale in Giza | Sheikh Zayed City | Sheikh Zayed Compounds | Zed Towers,1820000.0,10111,180,3,3,Installments,,,
Property Finder,Unknown,https://www.propertyfinder.eg/en/plp/buy/apartment-for-sale-giza-sheikh-zayed-city-sheikh-zayed-compounds-zed-towers-park-side-residence-113535884.html,Lowest Price Apart Delivery2027 Prime Location Zed,Apartment,,Apartments for sale in Giza | Sheikh Zayed City | Sheikh Zayed Compounds | Zed Towers,3645000.0,41420,88,1,2,Installments,,,
Property Finder,Unknown,https://www.propertyfinder.eg/en/plp/buy/apartment-for-sale-giza-sheikh-zayed-city-sheikh-zayed-compounds-zed-towers-park-side-residence-113815818.html,Apartment at zed west fully finished with Ac's,Apartment,First Sale,Apartments for sale in Giza | Sheikh Zayed City | Sheikh Zayed Compounds | Zed Towers,8000000.0,46783,171,3,2,Cash,,,
Property Finder,Unknown,https://www.propertyfinder.eg/en/plp/buy/apartment-for-sale-giza-sheikh-zayed-city-sheikh-zayed-compounds-zed-towers-village-views-111034191.html,Apartment delivery 2027 for sale with installments,Apartment,,Apartments for sale in Giza | Sheikh Zayed City | Sheikh Zayed Compounds | Zed Towers,9440185.0,73179,129,2,2,Installments,5024373.0,Offplan,
Property Finder,Unknown,https://www.propertyfinder.eg/en/plp/buy/apartment-for-sale-giza-sheikh-zayed-city-sheikh-zayed-compounds-zed-towers-village-views-111306819.html,Below market price Apartment for sale in Zed West,Apartment,,Apartments for sale in Giza | Sheikh Zayed City | Sheikh Zayed Compounds | Zed Towers,18469677.0,76320,242,4,4,Installments,9390463.0,Offplan,
Property Finder,Unknown,https://www.propertyfinder.eg/en/plp/buy/apartment-for-sale-giza-sheikh-zayed-city-sheikh-zayed-compounds-zed-towers-village-views-111580632.html,North Facing Apartment with installments till 2031,Apartment,,Apartments for sale in Giza | Sheikh Zayed City | Sheikh Zayed Compounds | Zed Towers,11163702.0,72023,155,3,4,Installments,5476394.0,Offplan,
Property Finder,Unknown,https://www.propertyfinder.eg/en/plp/buy/apartment-for-sale-giza-sheikh-zayed-city-sheikh-zayed-compounds-zed-west-111031099.html,Best Price Studio Sale Zed West ORA Sheikh Zayed,Apartment,,3 bedroom Apartments for sale in Zed West | 1 bedroom Apartments for sale in Zed West | Furnished Apartments for sale in Zed West | Furnished 3 bedroom Apartments for sale in Zed West | Apartments for sale in Zed Towers,5550000.0,99107,56,1,1,Installments,4800000.0,Under Construction,
Property Finder,Unknown,https://www.propertyfinder.eg/en/plp/buy/apartment-for-sale-giza-sheikh-zayed-city-sheikh-zayed-compounds-zed-west-111031753.html,Apartment Sale IN Zed West ORA Sheikh Zayed,Apartment,,3 bedroom Apartments for sale in Zed West | 2 bedroom Apartments for sale in Zed West | 1 bedroom Apartments for sale in Zed West | Furnished Apartments for sale in Zed West | Apartments for sale in Zed Towers,12000000.0,74534,161,3,3,Cash,,Under Construction,
Property Finder,Unknown,https://www.propertyfinder.eg/en/plp/buy/apartment-for-sale-giza-sheikh-zayed-city-sheikh-zayed-compounds-zed-west-111032098.html,"Finished apartment for sale ,in Zed West Compound",Apartment,,2 bedroom Apartments for sale in Zed West | 1 bedroom Apartments for sale in Zed West | Furnished Apartments for sale in Zed West | Studio Apartments for sale in Zed West | Apartments for sale in Zed Towers,6700000.0,46527,144,2,2,Cash,,Offplan,
Property Finder,Unknown,https://www.propertyfinder.eg/en/plp/buy/apartment-for-sale-giza-sheikh-zayed-city-sheikh-zayed-compounds-zed-west-111603428.html,Under market Price Apart 129m2 zed Prime Location,Apartment,,2 bedroom Apartments for sale in Zed West | 1 bedroom Apartments for sale in Zed West | Furnished Apartments for sale in Zed West | Studio Apartments for sale in Zed West | Apartments for sale in Zed Towers,3721000.0,28844,129,2,2,Installments,,Under Construction,
Property Finder,Unknown,https://www.propertyfinder.eg/en/plp/buy/apartment-for-sale-giza-sheikh-zayed-city-sheikh-zayed-compounds-zed-west-111884045.html,Sale flat 105sqm high floor zed west kitchen+ac's,Apartment,,2 bedroom Apartments for sale in Zed West | 1 bedroom Apartments for sale in Zed West | Furnished Apartments for sale in Zed West | Studio Apartments for sale in Zed West | Apartments for sale in Zed Towers,7500000.0,71428,105,2,2,Cash,,ready to move,
Property Finder,Unknown,https://www.propertyfinder.eg/en/plp/buy/apartment-for-sale-giza-sheikh-zayed-city-sheikh-zayed-compounds-zed-west-111890637.html,Apartment 155m Park View 3bed Very Prime Location,Apartment,,3 bedroom Apartments for sale in Zed West | 2 bedroom Apartments for sale in Zed West | 1 bedroom Apartments for sale in Zed West | Furnished Apartments for sale in Zed West | Apartments for sale in Zed Towers,5110000.0,32967,155,3,3,Installments,,Under Construction,
Property Finder,Unknown,https://www.propertyfinder.eg/en/plp/buy/apartment-for-sale-giza-sheikh-zayed-city-sheikh-zayed-compounds-zed-west-111893025.html,Own 2 Bedrooms for a Studio Price Ready to Move E2,Apartment,Resale,2 bedroom Apartments for sale in Zed West | 1 bedroom Apartments for sale in Zed West | Furnished Apartments for sale in Zed West | Studio Apartments for sale in Zed West | Apartments for sale in Zed Towers,6873650.0,70862,97,2,2,Installments,5767650.0,Ready to Move,
Property Finder,Unknown,https://www.propertyfinder.eg/en/plp/buy/apartment-for-sale-giza-sheikh-zayed-city-sheikh-zayed-compounds-zed-west-112426297.html,Lowest DP Finished+AC's Studio Prime Location Zed,Apartment,,3 bedroom Apartments for sale in Zed West | 1 bedroom Apartments for sale in Zed West | Furnished Apartments for sale in Zed West | Furnished 3 bedroom Apartments for sale in Zed West | Apartments for sale in Zed Towers,3556830.0,52306,68,1,2,Installments,,Under Construction,
Property Finder,Unknown,https://www.propertyfinder.eg/en/plp/buy/apartment-for-sale-giza-sheikh-zayed-city-sheikh-zayed-compounds-zed-west-112987240.html,Lowest Price Apart 163m2 Zed Towers Delivery 2026,Apartment,,3 bedroom Apartments for sale in Zed West | 2 bedroom Apartments for sale in Zed West | 1 bedroom Apartments for sale in Zed West | Furnished Apartments for sale in Zed West | Apartments for sale in Zed Towers,6937000.0,42558,163,3,3,Installments,,Under Construction,
Property Finder,Unknown,https://www.propertyfinder.eg/en/plp/buy/apartment-for-sale-giza-sheikh-zayed-city-sheikh-zayed-compounds-zed-west-113526847.html,3 BR+ Maid's Room in Zed Towers Open View,Apartment,,3 bedroom Apartments for sale in Zed West | 2 bedroom Apartments for sale in Zed West | 1 bedroom Apartments for sale in Zed West | Furnished Apartments for sale in Zed West | Apartments for sale in Zed Towers,11900000.0,74375,160,3,3,Cash,,Ready,
Property Finder,Unknown,https://www.propertyfinder.eg/en/plp/buy/apartment-for-sale-giza-sheikh-zayed-city-sheikh-zayed-compounds-zed-west-113543880.html,Under Market DP Near Delivery Apart81m2 Prime View,Apartment,,3 bedroom Apartments for sale in Zed West | 1 bedroom Apartments for sale in Zed West | Furnished Apartments for sale in Zed West | Furnished 3 bedroom Apartments for sale in Zed West | Apartments for sale in Zed Towers,4200000.0,51851,81,1,2,Cash,,Under Construction,
Property Finder,Unknown,https://www.propertyfinder.eg/en/plp/buy/apartment-for-sale-giza-sheikh-zayed-city-sheikh-zayed-compounds-zed-west-113819502.html,Fully Finished Apartment with AC in Zed Towers,Apartment,First Sale,3 bedroom Apartments for sale in Zed West | 2 bedroom Apartments for sale in Zed West | 1 bedroom Apartments for sale in Zed West | Furnished Apartments for sale in Zed West | Apartments for sale in Zed Towers,3000000.0,16666,180,3,3,Installments,,Under Construction,
Property Finder,Unknown,https://www.propertyfinder.eg/en/plp/buy/apartment-for-sale-giza-sheikh-zayed-city-sheikh-zayed-compounds-zed-west-113819565.html,Lowest Price Apart 3bed Near Delivery Open View,Apartment,Resale,3 bedroom Apartments for sale in Zed West | 2 bedroom Apartments for sale in Zed West | 1 bedroom Apartments for sale in Zed West | Furnished Apartments for sale in Zed West | Apartments for sale in Zed Towers,5110000.0,32967,155,3,3,Installments,,Under Construction,
